car_make,car_color
Aston Martin,Green
Dodge,Fuscia
Acura,Teal
BMW,Red
Lincoln,Maroon
Volkswagen,Maroon
Lotus,Green
Honda,Turquoise
Audi,Turquoise
Pontiac,Turquoise
Chrysler,Pink
Pontiac,Mauv
Hyundai,Indigo
Toyota,Puce
Nissan,Red
Ram,Orange
Toyota,Red
Saab,Goldenrod
Toyota,Puce
Chrysler,Goldenrod
Maybach,Maroon
Land Rover,Goldenrod
Rolls-Royce,Turquoise
Dodge,Purple
Toyota,Red
Chevrolet,Puce
Subaru,Purple
Eagle,Orange
Mazda,Turquoise
Lincoln,Puce
Chrysler,Khaki
Toyota,Indigo
Jeep,Puce
Hyundai,Green
Audi,Red
Dodge,Purple
Buick,Teal
Mitsubishi,Khaki
Chevrolet,Mauv
Mazda,Indigo
Chevrolet,Goldenrod
Lexus,Orange
Volkswagen,Puce
Mazda,Mauv
Lotus,Pink
Ford,Orange
Mitsubishi,Puce
Pontiac,Yellow
Ford,Orange
Ford,Puce
Pontiac,Mauv
Aston Martin,Mauv
Chevrolet,Aquamarine
Suzuki,Pink
Ford,Aquamarine
Mitsubishi,Aquamarine
Audi,Maroon
GMC,Mauv
Chrysler,Teal
Toyota,Turquoise
Volkswagen,Green
Audi,Red
Buick,Turquoise
Mazda,Teal
Volkswagen,Goldenrod
Ford,Crimson
Toyota,Purple
Ford,Green
Volkswagen,Fuscia
GMC,Crimson
Dodge,Pink
Audi,Crimson
Kia,Aquamarine
Ford,Turquoise
Honda,Fuscia
Chevrolet,Purple
Audi,Maroon
Chrysler,Green
GMC,Fuscia
Chrysler,Violet
Bentley,Khaki
Dodge,Crimson
Mitsubishi,Puce
Chevrolet,Purple
Nissan,Pink
Pontiac,Blue
Buick,Fuscia
Buick,Purple
Cadillac,Violet
Honda,Purple
Chevrolet,Green
Volkswagen,Yellow
Mazda,Purple
Jaguar,Pink
GMC,Mauv
Hyundai,Crimson
Porsche,Aquamarine
Ferrari,Orange
Pontiac,Fuscia
Toyota,Blue
Nissan,Pink
Oldsmobile,Aquamarine
Oldsmobile,Aquamarine
Dodge,Turquoise
Volkswagen,Crimson
Dodge,Aquamarine
Chevrolet,Turquoise
Pontiac,Blue
Ford,Goldenrod
Chevrolet,Maroon
Toyota,Yellow
Subaru,Violet
Buick,Maroon
Nissan,Indigo
Ford,Crimson
Spyker,Pink
Ford,Green
Dodge,Green
Lincoln,Teal
Mitsubishi,Turquoise
Volkswagen,Puce
Kia,Goldenrod
GMC,Indigo
Volkswagen,Teal
Rolls-Royce,Blue
Kia,Teal
Volvo,Goldenrod
Chevrolet,Goldenrod
Audi,Indigo
Nissan,Crimson
Kia,Pink
Buick,Aquamarine
Chrysler,Yellow
Toyota,Green
Ford,Blue
Ford,Yellow
Mazda,Green
Ford,Khaki
Hyundai,Blue
Porsche,Mauv
Ford,Turquoise
Mazda,Puce
Audi,Purple
Mercedes-Benz,Puce
Mazda,Mauv
Mazda,Goldenrod
BMW,Goldenrod
Chevrolet,Purple
Honda,Violet
Hyundai,Yellow
Kia,Turquoise
Land Rover,Mauv
Chevrolet,Fuscia
Chevrolet,Yellow
Volkswagen,Violet
Chevrolet,Red
Chevrolet,Orange
Land Rover,Violet
Lexus,Aquamarine
Lamborghini,Maroon
Lotus,Indigo
Dodge,Maroon
Volkswagen,Indigo
Dodge,Purple
Chevrolet,Blue
Mitsubishi,Goldenrod
GMC,Aquamarine
Toyota,Khaki
Mercury,Violet
BMW,Blue
Scion,Maroon
Ford,Blue
Toyota,Khaki
BMW,Mauv
Jeep,Blue
Hummer,Crimson
Daihatsu,Mauv
GMC,Teal
BMW,Maroon
Isuzu,Fuscia
Chevrolet,Pink
Dodge,Puce
Mercedes-Benz,Goldenrod
Lincoln,Violet
Toyota,Fuscia
Plymouth,Turquoise
Lexus,Aquamarine
Chevrolet,Blue
Lotus,Turquoise
Toyota,Indigo
Mazda,Goldenrod
Audi,Violet
Land Rover,Pink
Ford,Red
Rolls-Royce,Aquamarine
GMC,Mauv
Chevrolet,Red
Honda,Blue
Jeep,Crimson
Honda,Crimson
Mercury,Orange
Chevrolet,Violet
Mazda,Mauv
Ford,Yellow
Lincoln,Turquoise
Chrysler,Crimson
GMC,Maroon
Audi,Violet
Audi,Blue
Chevrolet,Purple
Volkswagen,Mauv
Ford,Aquamarine
BMW,Pink
Cadillac,Khaki
Buick,Maroon
Suzuki,Violet
GMC,Blue
Nissan,Aquamarine
Mercedes-Benz,Yellow
Hyundai,Maroon
Mitsubishi,Aquamarine
Pontiac,Aquamarine
BMW,Green
Mercedes-Benz,Teal
Buick,Aquamarine
Acura,Pink
Pontiac,Puce
Volvo,Purple
Pontiac,Turquoise
Chevrolet,Maroon
BMW,Aquamarine
Chevrolet,Mauv
BMW,Fuscia
Mercedes-Benz,Pink
Aston Martin,Teal
Nissan,Maroon
Maserati,Purple
Ford,Aquamarine
Toyota,Purple
Ford,Teal
Chevrolet,Pink
Toyota,Crimson
Mercedes-Benz,Mauv
Lincoln,Green
Mazda,Goldenrod
Cadillac,Maroon
Saab,Purple
Mercury,Fuscia
Dodge,Red
Hyundai,Maroon
Mazda,Teal
Mercury,Crimson
GMC,Turquoise
Chrysler,Teal
Lamborghini,Indigo
BMW,Blue
BMW,Green
Honda,Orange
Lamborghini,Teal
Mercedes-Benz,Pink
Pontiac,Crimson
Nissan,Pink
Mazda,Purple
Dodge,Yellow
Lexus,Yellow
Maybach,Mauv
Toyota,Maroon
Volkswagen,Khaki
Audi,Maroon
Volkswagen,Red
GMC,Mauv
Audi,Orange
Chevrolet,Pink
Volvo,Goldenrod
Buick,Khaki
GMC,Turquoise
Chevrolet,Khaki
Mercedes-Benz,Crimson
Chevrolet,Aquamarine
Audi,Puce
Chevrolet,Puce
Dodge,Khaki
Toyota,Crimson
Subaru,Maroon
Nissan,Pink
Saab,Crimson
Maybach,Maroon
Chevrolet,Puce
Cadillac,Aquamarine
Volkswagen,Turquoise
Jeep,Pink
Subaru,Purple
Mercedes-Benz,Khaki
Volvo,Fuscia
Honda,Purple
BMW,Pink
Audi,Red
Buick,Puce
Pontiac,Maroon
Ford,Aquamarine
Buick,Green
Chevrolet,Puce
Nissan,Yellow
Chevrolet,Crimson
Chevrolet,Blue
Mercury,Goldenrod
GMC,Aquamarine
Chevrolet,Green
Dodge,Goldenrod
Honda,Puce
Hyundai,Pink
Mercedes-Benz,Khaki
Honda,Green
Subaru,Goldenrod
Isuzu,Fuscia
Toyota,Goldenrod
Studebaker,Maroon
Mazda,Red
Acura,Khaki
Mercury,Khaki
Saab,Yellow
Mitsubishi,Pink
Nissan,Purple
BMW,Teal
GMC,Green
Ford,Orange
MINI,Indigo
GMC,Indigo
Toyota,Crimson
Pontiac,Purple
Porsche,Green
Chevrolet,Teal
Pontiac,Red
Land Rover,Khaki
Audi,Khaki
GMC,Violet
Ford,Maroon
Ford,Maroon
Ford,Khaki
Lincoln,Green
GMC,Fuscia
Mazda,Fuscia
Oldsmobile,Goldenrod
Volvo,Aquamarine
Kia,Aquamarine
BMW,Mauv
Lexus,Yellow
Ford,Purple
Subaru,Pink
Mazda,Green
Jeep,Violet
Ferrari,Pink
Audi,Crimson
Honda,Teal
Dodge,Turquoise
Subaru,Pink
Hyundai,Pink
Mazda,Pink
Nissan,Red
Mercury,Fuscia
Volkswagen,Yellow
Volkswagen,Purple
Honda,Violet
Mercedes-Benz,Goldenrod
Buick,Green
Oldsmobile,Blue
Buick,Pink
GMC,Blue
Saturn,Yellow
Subaru,Teal
Mercedes-Benz,Green
Ford,Turquoise
Saturn,Fuscia
Mazda,Maroon
BMW,Blue
Land Rover,Aquamarine
Bentley,Blue
Lincoln,Violet
Chrysler,Goldenrod
Lincoln,Green
Chevrolet,Indigo
Audi,Khaki
BMW,Fuscia
Saab,Goldenrod
Honda,Maroon
Toyota,Maroon
Mercury,Goldenrod
Pontiac,Puce
BMW,Khaki
Mitsubishi,Violet
Chevrolet,Purple
Dodge,Fuscia
Audi,Goldenrod
Audi,Orange
Volkswagen,Crimson
Nissan,Aquamarine
Aston Martin,Violet
Ford,Yellow
GMC,Purple
Plymouth,Aquamarine
Ford,Puce
Buick,Green
GMC,Maroon
Honda,Turquoise
Ford,Fuscia
BMW,Maroon
Chevrolet,Orange
Mitsubishi,Teal
Buick,Aquamarine
Chevrolet,Orange
Mercury,Maroon
Buick,Mauv
Lexus,Purple
Buick,Red
Honda,Fuscia
Land Rover,Fuscia
Mazda,Mauv
Ford,Maroon
Toyota,Blue
Porsche,Purple
Mercedes-Benz,Goldenrod
Audi,Blue
Isuzu,Crimson
BMW,Orange
GMC,Yellow
GMC,Puce
Mitsubishi,Purple
Lexus,Blue
Oldsmobile,Purple
Chevrolet,Blue
Ferrari,Indigo
Nissan,Teal
Chevrolet,Violet
Acura,Turquoise
Volvo,Red
Chevrolet,Fuscia
Porsche,Khaki
Toyota,Maroon
Lotus,Maroon
Infiniti,Teal
Ford,Red
Mazda,Violet
Honda,Purple
Audi,Teal
Cadillac,Khaki
Lamborghini,Indigo
Toyota,Yellow
Ford,Blue
Hyundai,Goldenrod
Ford,Aquamarine
GMC,Crimson
Toyota,Khaki
BMW,Turquoise
Mercedes-Benz,Orange
Mazda,Aquamarine
Toyota,Puce
Mercedes-Benz,Violet
Bentley,Khaki
Mazda,Yellow
Ford,Puce
Land Rover,Maroon
Mitsubishi,Puce
Chevrolet,Goldenrod
Volvo,Aquamarine
Chevrolet,Indigo
Volkswagen,Green
Mazda,Goldenrod
Mercury,Red
Ford,Violet
Mercedes-Benz,Puce
Mitsubishi,Goldenrod
Infiniti,Red
Audi,Yellow
Saab,Goldenrod
Porsche,Indigo
Mercury,Violet
Pontiac,Turquoise
Toyota,Indigo
Chevrolet,Puce
Kia,Aquamarine
Dodge,Yellow
Dodge,Khaki
Chrysler,Green
GMC,Blue
Hyundai,Turquoise
Buick,Pink
Suzuki,Violet
MINI,Puce
Honda,Aquamarine
Mazda,Purple
BMW,Goldenrod
Chevrolet,Crimson
Lexus,Goldenrod
Chevrolet,Blue
Lexus,Green
Mazda,Yellow
Buick,Indigo
Mitsubishi,Yellow
BMW,Maroon
Ford,Pink
Audi,Aquamarine
Lincoln,Purple
Pontiac,Blue
Mitsubishi,Turquoise
BMW,Blue
Pontiac,Mauv
Audi,Maroon
Maserati,Goldenrod
GMC,Fuscia
Maybach,Crimson
GMC,Aquamarine
Volkswagen,Teal
Dodge,Turquoise
Mazda,Maroon
Nissan,Red
Isuzu,Aquamarine
Kia,Goldenrod
Jaguar,Green
Suzuki,Mauv
Volkswagen,Teal
Spyker,Khaki
Audi,Goldenrod
Chevrolet,Puce
Ford,Blue
GMC,Mauv
Mercedes-Benz,Orange
GMC,Pink
BMW,Teal
Maybach,Goldenrod
Mitsubishi,Green
Toyota,Khaki
Ford,Maroon
Chevrolet,Green
Toyota,Orange
Ford,Pink
Chevrolet,Fuscia
Dodge,Blue
Toyota,Purple
Buick,Fuscia
Lotus,Maroon
Isuzu,Pink
Subaru,Mauv
Mitsubishi,Crimson
Buick,Crimson
Toyota,Green
Dodge,Crimson
Mitsubishi,Khaki
Honda,Purple
Mitsubishi,Blue
Mercedes-Benz,Aquamarine
Toyota,Indigo
Volkswagen,Aquamarine
Hyundai,Crimson
Audi,Turquoise
Fiat,Turquoise
Audi,Teal
Toyota,Turquoise
Pontiac,Green
Spyker,Green
Ford,Crimson
Ford,Teal
Chevrolet,Aquamarine
Pontiac,Yellow
BMW,Puce
Audi,Yellow
Porsche,Pink
Mazda,Green
Chevrolet,Indigo
Volkswagen,Blue
GMC,Puce
Saturn,Indigo
Mercury,Red
Ford,Purple
Ford,Pink
BMW,Puce
Toyota,Indigo
Mazda,Puce
Honda,Purple
Toyota,Teal
GMC,Khaki
GMC,Khaki
Toyota,Mauv
Chevrolet,Aquamarine
Toyota,Goldenrod
Plymouth,Fuscia
Chevrolet,Orange
Ford,Turquoise
Volkswagen,Maroon
BMW,Khaki
Acura,Red
Toyota,Purple
Chevrolet,Khaki
Kia,Red
Ford,Orange
Honda,Indigo
Ford,Goldenrod
Morgan,Puce
Audi,Crimson
Chevrolet,Yellow
Dodge,Orange
Mercury,Turquoise
Chevrolet,Crimson
Mitsubishi,Goldenrod
Pontiac,Goldenrod
Subaru,Red
Cadillac,Green
Ford,Khaki
Cadillac,Yellow
Land Rover,Purple
Ford,Goldenrod
Lamborghini,Red
Lincoln,Blue
Chrysler,Turquoise
Ford,Khaki
Toyota,Puce
Porsche,Violet
Mercedes-Benz,Blue
Lexus,Pink
Hyundai,Violet
BMW,Khaki
Toyota,Mauv
Toyota,Khaki
Ford,Teal
Mitsubishi,Violet
Acura,Teal
Honda,Red
Subaru,Fuscia
Toyota,Blue
Toyota,Fuscia
Dodge,Yellow
BMW,Maroon
GMC,Yellow
Volvo,Teal
Plymouth,Mauv
Toyota,Red
Nissan,Fuscia
Chevrolet,Teal
Mazda,Maroon
Mercedes-Benz,Yellow
Isuzu,Pink
Mazda,Yellow
Mitsubishi,Pink
Pontiac,Yellow
Ford,Pink
Mercedes-Benz,Aquamarine
Mitsubishi,Goldenrod
Cadillac,Teal
Mercedes-Benz,Red
BMW,Blue
Lexus,Yellow
Chevrolet,Teal
Honda,Red
Acura,Teal
Jensen,Aquamarine
Hyundai,Red
Cadillac,Aquamarine
Pontiac,Blue
Mitsubishi,Crimson
Volvo,Teal
Ford,Fuscia
GMC,Red
Honda,Red
Dodge,Red
Acura,Aquamarine
GMC,Purple
GMC,Fuscia
Dodge,Green
Toyota,Goldenrod
Lamborghini,Teal
Chrysler,Green
Kia,Pink
Mercedes-Benz,Yellow
BMW,Red
Lexus,Teal
Lincoln,Blue
Mercury,Violet
Toyota,Blue
Dodge,Crimson
Plymouth,Maroon
Pontiac,Yellow
Chevrolet,Fuscia
Lexus,Purple
Chevrolet,Teal
Mazda,Green
Ford,Green
Chevrolet,Maroon
Nissan,Purple
Chevrolet,Red
Ford,Turquoise
Toyota,Goldenrod
Acura,Mauv
Lincoln,Violet
Mercedes-Benz,Fuscia
Volkswagen,Khaki
Toyota,Turquoise
Plymouth,Turquoise
Ford,Yellow
Jeep,Violet
Ford,Fuscia
Mercedes-Benz,Green
BMW,Violet
Pontiac,Blue
Audi,Purple
Ford,Khaki
Ford,Aquamarine
Lincoln,Pink
Dodge,Teal
Lexus,Goldenrod
Pontiac,Yellow
Acura,Goldenrod
Lotus,Violet
Plymouth,Orange
Chevrolet,Blue
Pontiac,Yellow
Cadillac,Goldenrod
Isuzu,Violet
Ford,Indigo
Volkswagen,Maroon
GMC,Fuscia
Cadillac,Pink
Pontiac,Khaki
Chevrolet,Goldenrod
Volkswagen,Red
Honda,Yellow
Dodge,Violet
Mitsubishi,Teal
BMW,Khaki
Mazda,Maroon
Suzuki,Fuscia
Bentley,Red
Lexus,Purple
Isuzu,Crimson
Volkswagen,Pink
Porsche,Crimson
Volvo,Violet
Jaguar,Pink
Dodge,Violet
Ford,Orange
BMW,Turquoise
Land Rover,Indigo
Audi,Khaki
Dodge,Fuscia
Oldsmobile,Aquamarine
Ford,Goldenrod
Chevrolet,Khaki
Mitsubishi,Teal
Toyota,Purple
Volvo,Green
Panoz,Goldenrod
GMC,Maroon
Chevrolet,Purple
Mercedes-Benz,Teal
Dodge,Green
Honda,Blue
Porsche,Turquoise
Lamborghini,Khaki
Mercedes-Benz,Khaki
Toyota,Purple
Chevrolet,Maroon
Scion,Yellow
Cadillac,Mauv
Toyota,Crimson
Hummer,Puce
Subaru,Turquoise
Lincoln,Purple
Lincoln,Puce
Chevrolet,Red
Suzuki,Red
Saab,Mauv
Toyota,Indigo
Buick,Pink
Toyota,Red
Chrysler,Yellow
Cadillac,Turquoise
BMW,Aquamarine
Ferrari,Puce
BMW,Orange
Toyota,Violet
Audi,Mauv
Mercedes-Benz,Fuscia
Ford,Puce
Chevrolet,Violet
Subaru,Turquoise
Buick,Purple
Acura,Turquoise
Pontiac,Violet
Ford,Mauv
Land Rover,Pink
Mercedes-Benz,Orange
GMC,Green
Honda,Mauv
Mitsubishi,Khaki
Oldsmobile,Red
Chevrolet,Green
Lexus,Orange
Infiniti,Crimson
Mercedes-Benz,Mauv
Toyota,Orange
Mazda,Orange
Mazda,Teal
Porsche,Mauv
BMW,Teal
Ford,Fuscia
Isuzu,Goldenrod
Volkswagen,Goldenrod
Volvo,Pink
Nissan,Khaki
Mercury,Indigo
Acura,Mauv
Kia,Goldenrod
Mercedes-Benz,Turquoise
Pontiac,Khaki
Subaru,Yellow
Mitsubishi,Pink
Dodge,Khaki
GMC,Pink
Ford,Red
Chevrolet,Yellow
Saturn,Red
Infiniti,Pink
Lincoln,Purple
Jeep,Crimson
Suzuki,Mauv
Bentley,Purple
GMC,Violet
Oldsmobile,Turquoise
Toyota,Pink
Ram,Goldenrod
Buick,Teal
Mercedes-Benz,Khaki
Mercury,Indigo
Plymouth,Khaki
Suzuki,Teal
Volvo,Blue
Chevrolet,Green
Jeep,Violet
Honda,Crimson
Jeep,Red
Hyundai,Indigo
Lotus,Goldenrod
Lincoln,Puce
Lexus,Green
Mazda,Indigo
Mitsubishi,Blue
Mazda,Mauv
Chevrolet,Purple
Lexus,Indigo
Lexus,Orange
Hyundai,Blue
Ford,Red
Toyota,Aquamarine
Saturn,Purple
Toyota,Red
Hummer,Khaki
Lexus,Maroon
Chevrolet,Teal
Cadillac,Indigo
Dodge,Indigo
Chrysler,Fuscia
Dodge,Puce
Volvo,Blue
Subaru,Puce
Ford,Blue
Dodge,Maroon
Audi,Blue
Ram,Orange
Mitsubishi,Khaki
Dodge,Crimson
Ford,Violet
Dodge,Khaki
Ford,Puce
Oldsmobile,Maroon
Ford,Fuscia
Chevrolet,Yellow
Buick,Teal
Pontiac,Turquoise
Audi,Red
Ford,Fuscia
Infiniti,Maroon
BMW,Mauv
Toyota,Maroon
Aston Martin,Purple
Toyota,Orange
Ford,Orange
Hyundai,Purple
Mitsubishi,Orange
Toyota,Crimson
Lincoln,Orange
Ford,Teal
Jaguar,Aquamarine
Volkswagen,Crimson
Mercury,Violet
Ford,Red
GMC,Crimson
Dodge,Pink
Volkswagen,Crimson
Land Rover,Red
Isuzu,Fuscia
Geo,Green
Ford,Blue
Chrysler,Turquoise
Volkswagen,Pink
Mercedes-Benz,Mauv
Hyundai,Indigo
Audi,Orange
Chevrolet,Goldenrod
Buick,Blue
Cadillac,Pink
Dodge,Red
Infiniti,Mauv
BMW,Orange
Mazda,Maroon
Lexus,Khaki
Chevrolet,Pink
MINI,Turquoise
Ford,Green
Infiniti,Aquamarine
Aston Martin,Pink
Acura,Red
Volkswagen,Turquoise
Toyota,Indigo
Volvo,Teal
Jaguar,Khaki
Lincoln,Puce
Ford,Yellow
Lincoln,Indigo
Buick,Mauv
Dodge,Yellow
Chevrolet,Turquoise
Subaru,Aquamarine
Suzuki,Green
Dodge,Teal
Volvo,Yellow
Maybach,Aquamarine
Chevrolet,Green
Chevrolet,Violet
Honda,Goldenrod
Lotus,Teal
Toyota,Blue
Audi,Goldenrod
Mitsubishi,Maroon
BMW,Yellow
Audi,Green
Nissan,Green
Mitsubishi,Pink
Pontiac,Pink
Chevrolet,Teal
Mitsubishi,Teal
Scion,Turquoise
Acura,Mauv
Mercedes-Benz,Aquamarine
Mercedes-Benz,Fuscia
Buick,Khaki
Subaru,Purple
Pontiac,Green
Kia,Turquoise
GMC,Yellow
BMW,Turquoise
Suzuki,Red
Dodge,Orange
Nissan,Purple
Honda,Red
Lexus,Orange
Ferrari,Orange
Mitsubishi,Teal
Mitsubishi,Red
Jeep,Goldenrod
Oldsmobile,Khaki
Volkswagen,Aquamarine
Mitsubishi,Teal
BMW,Indigo
Plymouth,Green
Mercedes-Benz,Puce
Ford,Mauv
Mazda,Blue
Lincoln,Yellow
Volvo,Goldenrod
Dodge,Turquoise
Honda,Yellow
GMC,Puce
Volvo,Indigo
Ford,Red
Toyota,Red
Lamborghini,Aquamarine
Isuzu,Crimson
Honda,Green
Lexus,Aquamarine
Isuzu,Aquamarine
Cadillac,Indigo
Dodge,Yellow
Mercedes-Benz,Indigo
GMC,Red
Eagle,Red
Chevrolet,Orange
Lincoln,Pink
Porsche,Khaki
Porsche,Orange
Dodge,Purple
Mercedes-Benz,Blue
Chrysler,Fuscia
