sandwich_id,bun_type,patty_type,lettuce,tomato,cheese_type,sauce_type,pickles,onions,price
1,brioche,chicken,false,true,american,mayo,false,false,8.69
2,pretzel,chicken,false,true,american,mustard,false,true,11.66
3,pretzel,chicken,false,true,cheddar,ketchup,false,false,10.76
4,brioche,turkey,true,false,swiss,mustard,true,false,10.56
5,pretzel,chicken,true,false,swiss,ketchup,true,true,9.99
6,pretzel,turkey,true,false,swiss,mayo,true,false,6.3
7,pretzel,chicken,true,true,cheddar,mayo,false,false,12.86
8,brioche,chicken,false,true,cheddar,mayo,true,true,6.24
9,pretzel,turkey,true,true,cheddar,mustard,true,true,8.05
10,brioche,turkey,false,true,cheddar,ketchup,false,true,11.84
11,brioche,chicken,false,false,cheddar,mustard,true,true,9.16
12,pretzel,chicken,false,false,cheddar,ketchup,false,false,11.19
13,pretzel,turkey,false,false,american,ketchup,false,false,11.64
14,pretzel,chicken,true,false,swiss,mustard,true,true,10.97
15,pretzel,chicken,false,true,cheddar,mayo,false,false,7.16
16,brioche,turkey,false,false,cheddar,mayo,false,true,9.94
17,brioche,chicken,false,true,swiss,mustard,false,true,10.57
18,brioche,chicken,false,false,swiss,ketchup,false,true,9.69
19,pretzel,chicken,false,true,american,ketchup,true,true,6.05
20,pretzel,chicken,true,false,swiss,mustard,false,false,11.57
21,pretzel,chicken,true,false,american,mustard,false,false,11.73
22,pretzel,turkey,false,false,cheddar,mayo,true,true,6.52
23,pretzel,turkey,true,false,cheddar,mayo,true,true,8.44
24,brioche,chicken,true,false,american,mustard,false,true,7.99
25,pretzel,turkey,true,false,american,mayo,true,false,11.65
26,brioche,chicken,true,true,swiss,mayo,false,false,10.29
27,pretzel,chicken,true,true,cheddar,ketchup,false,true,11.02
28,brioche,chicken,true,true,cheddar,mustard,true,true,7.16
29,brioche,turkey,true,true,american,ketchup,true,true,8.13
30,brioche,chicken,false,true,swiss,mustard,true,false,10.95
31,pretzel,chicken,true,true,american,ketchup,true,false,9.28
32,brioche,turkey,false,false,american,mayo,true,false,9.83
33,brioche,chicken,true,false,american,mustard,false,true,11.93
34,pretzel,turkey,true,false,swiss,mayo,false,true,11.61
35,brioche,chicken,false,true,cheddar,ketchup,false,true,6.4
36,pretzel,turkey,true,false,american,mayo,false,true,6.0
37,pretzel,chicken,false,false,swiss,mayo,false,false,12.94
38,brioche,chicken,true,true,cheddar,ketchup,false,true,8.07
39,pretzel,chicken,true,false,swiss,mayo,true,true,7.24
40,pretzel,turkey,false,true,american,mayo,true,true,11.48
41,pretzel,turkey,true,false,cheddar,ketchup,true,true,12.31
42,pretzel,turkey,false,false,american,mustard,false,false,12.28
43,pretzel,chicken,true,true,swiss,mustard,false,false,12.59
44,brioche,chicken,false,true,swiss,ketchup,true,false,8.58
45,brioche,chicken,false,false,cheddar,mayo,false,false,11.17
46,pretzel,chicken,true,false,swiss,mustard,false,false,11.09
47,pretzel,chicken,true,false,american,mustard,false,true,10.11
48,pretzel,chicken,false,false,swiss,mustard,true,false,9.93
49,pretzel,chicken,false,true,cheddar,mayo,false,false,12.6
50,brioche,chicken,false,false,american,mayo,false,false,7.49
51,brioche,chicken,false,false,cheddar,mustard,false,true,10.4
52,brioche,turkey,false,true,cheddar,mustard,true,true,7.7
53,pretzel,turkey,false,false,american,mayo,true,true,7.85
54,brioche,chicken,true,false,cheddar,ketchup,false,false,8.61
55,pretzel,chicken,false,false,swiss,ketchup,false,false,10.69
56,pretzel,chicken,false,false,cheddar,mayo,false,false,7.53
57,brioche,turkey,true,true,american,mustard,true,false,9.31
58,brioche,turkey,false,true,swiss,mayo,false,true,9.73
59,brioche,chicken,false,true,swiss,mayo,false,false,6.77
60,pretzel,chicken,true,false,cheddar,mayo,false,true,9.94
61,pretzel,chicken,true,false,american,mustard,true,false,10.69
62,pretzel,turkey,true,false,swiss,mayo,false,true,6.12
63,pretzel,chicken,true,false,american,mayo,false,true,9.79
64,brioche,chicken,true,false,cheddar,mayo,false,false,9.2
65,pretzel,chicken,true,false,cheddar,ketchup,false,false,10.72
66,pretzel,chicken,false,false,cheddar,mustard,false,false,9.11
67,brioche,turkey,false,false,cheddar,ketchup,true,false,12.08
68,brioche,chicken,true,true,swiss,ketchup,false,true,9.94
69,brioche,turkey,true,false,swiss,ketchup,true,true,9.39
70,pretzel,chicken,false,false,cheddar,mayo,true,true,6.06
71,brioche,chicken,true,true,american,mustard,true,true,10.86
72,brioche,turkey,false,true,swiss,ketchup,true,true,7.55
73,pretzel,turkey,false,true,cheddar,mayo,false,false,7.12
74,pretzel,chicken,true,false,cheddar,ketchup,false,true,10.71
75,brioche,turkey,false,true,cheddar,mayo,false,false,9.34
76,pretzel,turkey,true,false,cheddar,mustard,true,false,8.34
77,pretzel,turkey,true,false,swiss,mustard,false,true,12.34
78,pretzel,chicken,true,true,american,ketchup,true,true,11.65
79,pretzel,turkey,false,true,american,mustard,false,true,7.81
80,brioche,chicken,false,false,american,ketchup,true,true,9.21
81,pretzel,chicken,true,true,american,ketchup,false,true,7.54
82,pretzel,turkey,true,false,cheddar,mustard,false,false,6.06
83,pretzel,chicken,false,true,cheddar,mayo,true,false,8.11
84,brioche,turkey,true,true,cheddar,mustard,false,false,7.44
85,pretzel,turkey,true,false,cheddar,ketchup,true,true,8.4
86,pretzel,turkey,true,true,swiss,ketchup,false,false,10.61
87,brioche,chicken,false,true,swiss,mayo,true,false,6.17
88,brioche,turkey,false,true,swiss,mayo,false,true,12.66
89,pretzel,turkey,true,false,american,mustard,false,false,9.49
90,brioche,chicken,false,true,american,ketchup,false,false,6.74
91,pretzel,chicken,true,true,american,mustard,true,false,6.94
92,pretzel,turkey,false,true,swiss,mayo,false,false,11.58
93,brioche,chicken,true,true,american,ketchup,false,true,8.98
94,pretzel,chicken,true,true,cheddar,ketchup,true,true,9.86
95,brioche,turkey,false,true,swiss,mustard,true,true,8.0
96,pretzel,turkey,true,true,cheddar,mustard,false,false,9.44
97,pretzel,turkey,true,true,swiss,ketchup,true,false,8.04
98,brioche,chicken,true,true,cheddar,ketchup,true,false,10.25
99,pretzel,turkey,true,false,swiss,ketchup,false,false,11.28
100,pretzel,turkey,true,true,american,mayo,false,true,6.78
101,brioche,chicken,true,false,american,mayo,true,false,12.73
102,pretzel,turkey,true,true,american,ketchup,false,true,11.85
103,pretzel,turkey,false,false,swiss,mustard,false,false,6.87
104,pretzel,turkey,true,true,cheddar,mayo,false,false,5.99
105,brioche,turkey,true,true,cheddar,mustard,true,true,7.24
106,pretzel,turkey,true,false,american,ketchup,true,true,10.64
107,pretzel,chicken,true,true,cheddar,mayo,false,true,12.67
108,pretzel,turkey,false,true,swiss,ketchup,false,false,10.43
109,pretzel,turkey,true,true,swiss,mustard,true,true,7.61
110,pretzel,chicken,false,true,swiss,mustard,false,false,11.65
111,brioche,turkey,false,false,cheddar,mayo,false,false,12.24
112,pretzel,turkey,false,true,cheddar,mustard,false,false,6.96
113,brioche,chicken,false,false,swiss,ketchup,true,false,12.38
114,brioche,turkey,false,false,american,ketchup,false,true,11.83
115,brioche,chicken,false,true,swiss,mustard,false,false,11.09
116,pretzel,turkey,true,true,swiss,ketchup,true,false,10.44
117,pretzel,chicken,false,true,cheddar,mayo,false,false,11.49
118,pretzel,chicken,true,false,american,mayo,true,false,12.59
119,brioche,chicken,true,true,cheddar,mayo,false,false,9.85
120,pretzel,chicken,true,false,swiss,mustard,true,false,9.22
121,pretzel,chicken,true,true,american,mayo,true,false,9.01
122,brioche,chicken,false,true,swiss,ketchup,false,true,12.55
123,brioche,chicken,true,false,cheddar,ketchup,true,true,8.44
124,brioche,chicken,false,true,american,ketchup,true,true,9.53
125,brioche,turkey,false,false,swiss,mayo,false,false,9.86
126,brioche,turkey,true,true,american,ketchup,false,true,11.09
127,brioche,chicken,false,false,cheddar,mustard,true,false,8.56
128,pretzel,chicken,false,false,cheddar,mustard,true,true,11.49
129,pretzel,chicken,true,true,cheddar,mustard,false,true,6.14
130,brioche,chicken,false,false,american,mayo,false,false,9.15
131,brioche,turkey,true,false,cheddar,mustard,false,true,6.24
132,pretzel,turkey,true,false,swiss,ketchup,false,false,7.97
133,brioche,chicken,true,false,american,ketchup,true,false,7.94
134,pretzel,turkey,true,false,cheddar,mayo,false,false,12.58
135,brioche,turkey,true,true,swiss,mustard,false,false,11.71
136,brioche,chicken,true,false,swiss,mayo,true,true,6.05
137,brioche,chicken,false,true,swiss,ketchup,true,false,9.73
138,pretzel,chicken,true,true,swiss,mayo,true,true,7.35
139,brioche,chicken,false,false,american,mustard,true,true,10.19
140,pretzel,turkey,true,false,cheddar,mustard,false,false,10.25
141,brioche,turkey,false,true,cheddar,ketchup,true,true,8.72
142,pretzel,chicken,true,false,cheddar,ketchup,false,true,7.46
143,pretzel,turkey,true,false,swiss,mustard,true,false,11.3
144,pretzel,chicken,true,true,swiss,ketchup,false,false,8.76
145,pretzel,turkey,true,false,swiss,ketchup,true,true,10.82
146,brioche,turkey,true,true,cheddar,mayo,false,false,10.83
147,pretzel,turkey,true,true,cheddar,mayo,false,true,8.5
148,brioche,chicken,true,false,cheddar,mustard,false,true,11.22
149,pretzel,chicken,true,true,american,mustard,true,true,8.5
150,pretzel,turkey,true,false,swiss,mustard,true,true,8.2
151,brioche,chicken,false,true,swiss,ketchup,true,false,8.96
152,pretzel,turkey,true,false,cheddar,mayo,true,false,12.57
153,pretzel,turkey,true,false,american,mayo,true,false,8.52
154,pretzel,chicken,true,true,american,ketchup,true,true,12.91
155,brioche,turkey,true,false,swiss,mustard,false,true,6.69
156,pretzel,chicken,false,false,cheddar,ketchup,true,false,6.17
157,pretzel,chicken,true,true,cheddar,ketchup,true,false,12.68
158,brioche,turkey,true,true,american,mayo,false,true,7.08
159,pretzel,chicken,true,false,cheddar,mustard,false,true,6.21
160,brioche,turkey,false,true,swiss,mayo,true,true,9.65
161,brioche,turkey,false,true,cheddar,ketchup,true,true,7.94
162,brioche,chicken,false,true,american,mayo,true,true,11.5
163,pretzel,turkey,false,false,cheddar,mustard,true,false,9.79
164,pretzel,turkey,true,false,cheddar,mayo,false,false,8.86
165,brioche,chicken,false,true,swiss,ketchup,false,false,11.79
166,brioche,chicken,false,true,cheddar,mayo,true,false,6.57
167,brioche,chicken,false,true,swiss,ketchup,false,true,6.48
168,pretzel,chicken,false,true,cheddar,mayo,true,true,7.55
169,pretzel,chicken,false,true,swiss,mustard,false,false,8.13
170,brioche,chicken,true,true,american,mayo,false,false,10.67
171,brioche,turkey,true,true,swiss,mustard,false,false,11.73
172,brioche,turkey,false,false,american,mayo,true,true,6.58
173,pretzel,turkey,true,true,cheddar,mayo,true,false,9.7
174,brioche,turkey,false,false,cheddar,mustard,true,false,10.9
175,pretzel,chicken,false,true,american,ketchup,true,true,5.99
176,brioche,chicken,true,false,swiss,mayo,false,false,8.06
177,pretzel,turkey,true,true,swiss,mayo,false,true,8.95
178,brioche,chicken,false,true,cheddar,ketchup,true,true,6.2
179,brioche,chicken,true,false,american,mustard,false,false,10.98
180,brioche,chicken,false,false,cheddar,mustard,true,true,11.16
181,pretzel,chicken,false,false,american,ketchup,false,false,12.08
182,pretzel,chicken,false,false,swiss,mayo,true,true,9.11
183,brioche,turkey,false,true,american,ketchup,false,true,6.85
184,pretzel,turkey,false,true,cheddar,mayo,false,true,7.44
185,pretzel,turkey,true,false,american,ketchup,false,true,9.04
186,brioche,chicken,true,true,swiss,mayo,false,false,8.32
187,brioche,chicken,false,false,swiss,ketchup,false,false,10.09
188,brioche,chicken,false,false,cheddar,mustard,true,true,10.24
189,brioche,chicken,true,false,cheddar,mustard,false,false,7.59
190,brioche,turkey,false,true,american,ketchup,true,false,9.45
191,brioche,turkey,false,true,cheddar,mayo,true,true,9.99
192,pretzel,chicken,false,false,cheddar,mayo,false,true,8.34
193,pretzel,chicken,true,true,american,mayo,true,false,10.17
194,brioche,turkey,true,false,american,mustard,false,false,8.54
195,pretzel,turkey,true,false,cheddar,ketchup,false,true,12.43
196,pretzel,chicken,true,true,cheddar,mayo,true,false,8.31
197,brioche,chicken,false,false,american,ketchup,true,true,11.77
198,pretzel,chicken,true,true,american,mustard,false,false,11.8
199,pretzel,turkey,false,true,american,mayo,true,false,6.13
200,brioche,turkey,false,false,american,mayo,true,false,7.84
201,brioche,turkey,true,true,cheddar,mayo,true,false,8.96
202,brioche,chicken,false,true,swiss,mayo,true,false,6.64
203,brioche,chicken,true,true,american,ketchup,false,true,6.21
204,pretzel,chicken,false,false,swiss,ketchup,false,false,6.71
205,pretzel,chicken,true,true,swiss,mayo,false,true,9.51
206,brioche,chicken,false,true,american,mayo,true,true,8.62
207,pretzel,turkey,false,false,cheddar,ketchup,true,false,7.93
208,brioche,chicken,true,false,american,ketchup,false,false,7.53
209,brioche,chicken,false,true,cheddar,ketchup,false,true,11.51
210,pretzel,turkey,true,false,swiss,mayo,false,false,12.7
211,pretzel,turkey,false,true,cheddar,mustard,true,true,9.94
212,brioche,turkey,true,false,cheddar,mayo,false,true,12.12
213,brioche,chicken,true,true,swiss,mustard,true,true,12.27
214,brioche,turkey,false,true,american,ketchup,true,true,9.57
215,pretzel,chicken,true,false,american,mayo,true,true,12.32
216,pretzel,chicken,false,true,swiss,mayo,false,true,12.03
217,brioche,chicken,true,true,american,ketchup,true,false,7.9
218,brioche,turkey,true,false,american,mayo,true,false,6.36
219,pretzel,chicken,false,true,american,mustard,false,false,9.09
220,pretzel,turkey,true,false,swiss,ketchup,false,true,12.34
221,brioche,chicken,true,true,swiss,mustard,false,true,10.85
222,brioche,chicken,false,true,american,mustard,false,false,11.88
223,brioche,turkey,true,false,swiss,mustard,false,false,11.47
224,pretzel,turkey,true,true,american,mayo,true,false,10.19
225,pretzel,turkey,false,false,swiss,ketchup,false,true,10.49
226,brioche,turkey,true,true,swiss,ketchup,false,false,8.37
227,pretzel,turkey,false,false,cheddar,ketchup,false,true,12.69
228,pretzel,chicken,false,false,american,mayo,false,false,7.04
229,pretzel,turkey,true,false,cheddar,mustard,true,true,11.81
230,pretzel,turkey,true,true,cheddar,mustard,true,false,11.04
231,brioche,turkey,true,true,cheddar,mustard,false,false,8.91
232,pretzel,chicken,false,true,swiss,mustard,false,false,11.84
233,brioche,chicken,true,true,swiss,mustard,true,true,11.02
234,brioche,turkey,true,true,cheddar,mustard,true,false,6.84
235,pretzel,chicken,false,true,american,mayo,true,true,10.74
236,brioche,chicken,false,true,american,ketchup,false,true,12.86
237,brioche,turkey,false,false,swiss,mayo,false,false,11.36
238,pretzel,turkey,true,false,american,ketchup,false,true,11.9
239,pretzel,chicken,false,true,american,mayo,true,true,12.84
240,pretzel,chicken,true,true,cheddar,mustard,true,true,10.36
241,pretzel,turkey,true,true,swiss,ketchup,false,true,7.92
242,pretzel,turkey,true,false,swiss,mayo,false,false,8.07
243,pretzel,turkey,true,true,cheddar,mayo,false,true,6.48
244,brioche,turkey,false,true,american,mustard,false,true,10.07
245,pretzel,turkey,false,true,american,mayo,true,false,8.99
246,brioche,chicken,true,true,american,ketchup,true,true,12.32
247,brioche,turkey,false,false,american,mustard,false,true,6.15
248,pretzel,chicken,false,true,swiss,mustard,false,true,6.46
249,pretzel,chicken,false,false,swiss,ketchup,true,false,11.09
250,brioche,chicken,true,true,cheddar,mayo,false,true,10.37
251,pretzel,chicken,true,false,swiss,ketchup,false,true,10.3
252,brioche,turkey,true,true,american,ketchup,true,true,8.36
253,pretzel,turkey,false,true,swiss,mustard,true,true,7.95
254,pretzel,turkey,false,true,american,mustard,true,true,8.05
255,brioche,chicken,true,true,swiss,ketchup,false,false,12.39
256,pretzel,chicken,true,false,american,ketchup,true,false,8.79
257,pretzel,chicken,true,false,cheddar,mayo,true,true,7.77
258,brioche,turkey,true,false,swiss,ketchup,false,true,10.42
259,brioche,turkey,true,false,cheddar,ketchup,true,false,12.41
260,brioche,chicken,false,false,american,mayo,true,true,11.82
261,pretzel,chicken,true,true,swiss,mayo,true,false,10.02
262,pretzel,chicken,false,true,american,mayo,false,false,7.75
263,pretzel,chicken,true,true,american,ketchup,true,false,6.82
264,pretzel,chicken,false,true,american,mayo,true,true,8.87
265,pretzel,chicken,false,true,swiss,ketchup,true,true,9.59
266,pretzel,turkey,false,true,american,ketchup,true,false,10.72
267,pretzel,turkey,true,true,american,mayo,false,true,6.89
268,brioche,chicken,false,false,swiss,mayo,true,true,10.25
269,brioche,chicken,false,false,american,ketchup,true,true,10.79
270,pretzel,turkey,true,false,cheddar,ketchup,false,false,9.46
271,brioche,turkey,true,false,cheddar,mayo,false,true,12.16
272,pretzel,chicken,false,false,american,mustard,true,true,8.48
273,brioche,turkey,false,true,swiss,mayo,true,true,12.95
274,pretzel,chicken,false,false,swiss,ketchup,false,false,11.58
275,pretzel,chicken,true,false,cheddar,mayo,true,false,10.31
276,brioche,chicken,true,true,cheddar,mayo,true,true,12.27
277,brioche,turkey,false,true,cheddar,mustard,false,false,12.75
278,pretzel,chicken,false,true,american,ketchup,true,true,7.65
279,pretzel,chicken,false,false,cheddar,mustard,false,true,12.51
280,pretzel,turkey,true,true,swiss,mustard,true,false,7.93
281,pretzel,turkey,true,false,american,mayo,true,true,9.23
282,pretzel,turkey,false,false,american,mustard,false,true,6.11
283,brioche,turkey,true,true,cheddar,ketchup,false,true,11.73
284,pretzel,turkey,true,true,swiss,ketchup,true,false,8.76
285,pretzel,turkey,true,true,cheddar,mustard,false,false,10.17
286,pretzel,chicken,true,false,cheddar,ketchup,false,true,7.74
287,pretzel,turkey,false,false,cheddar,ketchup,true,false,11.53
288,pretzel,chicken,false,true,american,mustard,true,false,8.86
289,brioche,turkey,true,false,cheddar,ketchup,true,false,10.09
290,pretzel,turkey,true,true,american,mayo,false,false,11.54
291,pretzel,turkey,true,false,cheddar,mayo,false,true,8.97
292,brioche,turkey,true,true,swiss,mayo,true,true,6.3
293,brioche,turkey,false,true,american,mayo,true,true,12.02
294,brioche,chicken,false,false,cheddar,mayo,true,true,7.27
295,brioche,turkey,false,false,cheddar,mayo,true,true,10.46
296,brioche,chicken,false,true,swiss,ketchup,true,false,6.98
297,brioche,turkey,false,false,american,mustard,false,false,10.72
298,pretzel,turkey,false,false,cheddar,ketchup,true,false,12.52
299,brioche,chicken,true,true,cheddar,ketchup,false,false,7.31
300,pretzel,turkey,false,false,cheddar,mustard,true,false,8.18
301,brioche,turkey,true,true,cheddar,ketchup,true,true,10.83
302,brioche,chicken,true,false,swiss,ketchup,true,true,11.57
303,pretzel,turkey,false,false,swiss,ketchup,true,true,12.07
304,pretzel,turkey,false,false,swiss,mayo,true,false,11.43
305,brioche,turkey,true,true,swiss,mustard,true,false,7.75
306,pretzel,chicken,true,true,american,mustard,false,true,11.89
307,brioche,turkey,true,true,swiss,ketchup,false,true,8.81
308,pretzel,turkey,false,true,cheddar,mustard,false,true,10.66
309,pretzel,chicken,true,true,american,ketchup,true,true,8.98
310,pretzel,turkey,false,true,swiss,mustard,false,false,10.57
311,pretzel,turkey,false,false,swiss,ketchup,true,false,10.42
312,pretzel,turkey,true,true,american,mustard,false,false,11.18
313,brioche,chicken,true,true,american,mayo,true,false,9.18
314,pretzel,turkey,true,false,cheddar,mayo,true,false,9.74
315,pretzel,turkey,true,false,cheddar,ketchup,false,true,11.53
316,brioche,chicken,false,false,swiss,ketchup,true,false,12.51
317,brioche,chicken,true,true,swiss,ketchup,false,true,7.15
318,brioche,chicken,true,false,american,mustard,true,false,6.47
319,pretzel,turkey,false,true,cheddar,ketchup,true,false,6.13
320,pretzel,turkey,false,true,swiss,mustard,false,true,9.44
321,pretzel,chicken,true,true,swiss,mayo,true,true,8.61
322,pretzel,turkey,true,true,cheddar,mayo,true,false,6.93
323,brioche,turkey,true,true,cheddar,mayo,true,false,12.93
324,brioche,turkey,false,true,american,mayo,false,false,11.29
325,pretzel,turkey,true,true,swiss,mayo,false,false,11.97
326,pretzel,turkey,false,true,cheddar,mustard,true,true,11.09
327,pretzel,turkey,false,true,american,ketchup,true,false,11.21
328,pretzel,chicken,true,true,cheddar,ketchup,true,false,11.8
329,pretzel,turkey,false,true,american,mayo,false,true,10.84
330,brioche,turkey,false,true,swiss,mayo,true,false,11.42
331,brioche,turkey,true,true,swiss,ketchup,false,false,9.03
332,brioche,chicken,false,true,cheddar,mayo,false,true,7.73
333,pretzel,turkey,false,false,swiss,mayo,false,false,8.05
334,brioche,chicken,true,false,cheddar,mustard,true,false,8.65
335,brioche,turkey,false,false,american,mustard,true,true,8.95
336,pretzel,turkey,false,false,swiss,mayo,false,true,8.2
337,pretzel,chicken,false,false,cheddar,ketchup,true,true,7.99
338,pretzel,chicken,true,true,cheddar,mustard,false,true,7.38
339,brioche,chicken,true,false,american,mayo,true,false,10.66
340,brioche,turkey,false,true,cheddar,mayo,true,true,7.36
341,brioche,chicken,true,false,swiss,mustard,false,false,9.41
342,pretzel,turkey,false,true,american,mustard,false,false,9.6
343,pretzel,turkey,true,false,cheddar,ketchup,false,true,10.9
344,brioche,turkey,false,true,american,mayo,true,true,11.44
345,brioche,turkey,false,false,american,mustard,false,false,8.38
346,pretzel,chicken,true,false,american,ketchup,false,true,7.47
347,pretzel,chicken,false,false,cheddar,mayo,true,false,9.01
348,brioche,turkey,true,false,swiss,mustard,false,true,9.82
349,pretzel,turkey,false,true,swiss,mayo,false,false,7.24
350,pretzel,chicken,false,false,american,ketchup,false,true,11.33
351,brioche,chicken,true,true,swiss,ketchup,true,false,10.52
352,pretzel,turkey,false,true,american,mayo,false,true,6.22
353,pretzel,turkey,true,false,american,ketchup,false,true,12.51
354,pretzel,turkey,false,false,swiss,mustard,true,false,12.69
355,pretzel,chicken,true,true,swiss,mustard,true,false,8.7
356,brioche,turkey,true,false,cheddar,ketchup,false,false,6.18
357,pretzel,chicken,false,false,swiss,ketchup,true,false,10.71
358,pretzel,turkey,false,false,swiss,mustard,false,true,7.11
359,pretzel,chicken,false,false,american,mustard,true,false,9.78
360,brioche,turkey,true,true,cheddar,mustard,false,true,8.47
361,brioche,turkey,false,false,swiss,mayo,true,false,12.03
362,pretzel,chicken,true,true,swiss,mayo,true,false,12.54
363,pretzel,turkey,false,false,swiss,mayo,true,true,6.02
364,pretzel,chicken,false,false,american,mayo,false,false,10.71
365,brioche,turkey,true,false,swiss,ketchup,true,true,11.66
366,brioche,chicken,true,true,cheddar,ketchup,true,true,10.78
367,pretzel,turkey,false,true,cheddar,ketchup,true,false,12.48
368,brioche,turkey,false,false,swiss,ketchup,false,false,7.69
369,pretzel,chicken,false,false,american,mayo,false,false,11.02
370,pretzel,turkey,false,false,swiss,mayo,true,true,9.88
371,pretzel,chicken,true,false,swiss,mustard,true,false,6.56
372,brioche,turkey,true,true,cheddar,mayo,false,false,11.62
373,brioche,chicken,true,false,cheddar,mustard,false,true,7.94
374,pretzel,chicken,true,true,american,ketchup,false,true,6.42
375,pretzel,chicken,false,true,cheddar,ketchup,true,false,8.41
376,pretzel,turkey,true,true,cheddar,mayo,true,false,10.11
377,pretzel,turkey,true,false,american,ketchup,false,true,9.54
378,brioche,turkey,true,true,american,ketchup,false,false,9.19
379,brioche,chicken,false,false,american,mustard,true,false,7.78
380,pretzel,chicken,true,true,american,mayo,false,false,11.68
381,pretzel,turkey,false,false,swiss,mayo,true,false,10.15
382,brioche,turkey,false,false,cheddar,mustard,true,false,12.42
383,pretzel,chicken,true,false,american,mustard,true,true,10.88
384,brioche,chicken,true,true,american,mayo,false,true,10.42
385,pretzel,turkey,true,true,swiss,mayo,true,false,6.6
386,brioche,turkey,false,true,cheddar,ketchup,false,true,8.07
387,pretzel,chicken,false,true,swiss,mayo,false,false,11.4
388,pretzel,turkey,true,false,cheddar,mayo,true,false,7.6
389,pretzel,chicken,false,true,american,mustard,false,false,12.36
390,pretzel,turkey,false,false,american,mayo,false,false,8.52
391,brioche,turkey,true,false,swiss,mayo,true,true,9.36
392,pretzel,turkey,true,false,swiss,ketchup,true,false,6.87
393,pretzel,chicken,true,false,cheddar,mayo,false,true,7.74
394,pretzel,chicken,false,false,swiss,mustard,true,false,10.31
395,brioche,turkey,false,true,american,ketchup,true,true,8.4
396,brioche,chicken,false,false,swiss,mustard,false,true,10.28
397,pretzel,turkey,true,true,american,ketchup,true,true,11.55
398,brioche,turkey,true,true,swiss,mayo,false,true,7.1
399,brioche,turkey,true,true,cheddar,ketchup,false,true,12.89
400,brioche,chicken,false,true,american,mustard,false,true,7.18
401,pretzel,turkey,false,true,american,mayo,true,true,12.81
402,pretzel,turkey,true,false,american,ketchup,false,true,7.52
403,pretzel,chicken,false,false,cheddar,ketchup,true,false,12.37
404,pretzel,chicken,true,true,american,mustard,true,true,11.71
405,brioche,chicken,false,false,cheddar,mustard,false,false,12.89
406,pretzel,chicken,true,false,american,ketchup,true,false,10.34
407,brioche,chicken,false,false,american,mayo,true,true,11.69
408,brioche,chicken,true,true,swiss,mayo,true,false,9.52
409,brioche,chicken,false,false,american,mustard,false,true,8.45
410,pretzel,turkey,false,false,swiss,mustard,true,false,12.93
411,pretzel,chicken,false,true,american,ketchup,false,true,12.1
412,brioche,turkey,false,true,cheddar,mayo,false,false,10.36
413,pretzel,turkey,false,false,cheddar,ketchup,false,true,11.49
414,pretzel,chicken,true,true,american,mustard,false,true,11.73
415,pretzel,turkey,true,false,cheddar,mayo,false,false,11.13
416,pretzel,turkey,true,true,swiss,mustard,false,true,8.13
417,brioche,turkey,false,true,swiss,ketchup,true,true,7.39
418,brioche,chicken,true,false,swiss,mayo,true,true,12.99
419,pretzel,chicken,true,false,swiss,mustard,true,true,6.11
420,brioche,chicken,false,false,cheddar,mustard,false,true,7.1
421,brioche,turkey,false,true,american,mayo,true,false,6.62
422,pretzel,chicken,true,true,swiss,mustard,true,true,9.23
423,pretzel,chicken,false,false,cheddar,mayo,true,false,9.31
424,brioche,turkey,false,true,cheddar,mustard,false,true,9.49
425,brioche,turkey,true,true,swiss,ketchup,true,false,12.24
426,brioche,chicken,true,false,cheddar,mustard,true,true,6.41
427,pretzel,turkey,true,true,american,mayo,false,false,9.17
428,brioche,chicken,false,true,american,mustard,true,false,8.91
429,brioche,turkey,false,true,american,mustard,false,true,8.09
430,pretzel,chicken,false,true,swiss,mayo,true,true,11.7
431,pretzel,turkey,true,false,american,mustard,false,true,10.35
432,pretzel,chicken,false,false,american,mayo,true,false,6.53
433,brioche,chicken,true,false,cheddar,mustard,true,true,10.65
434,pretzel,turkey,false,true,american,mustard,false,false,12.26
435,pretzel,turkey,true,true,swiss,mustard,true,true,6.56
436,pretzel,chicken,false,true,swiss,ketchup,false,true,11.91
437,brioche,turkey,true,false,american,ketchup,false,false,12.51
438,brioche,chicken,false,true,american,mustard,false,false,7.42
439,brioche,turkey,false,true,cheddar,mustard,true,false,11.39
440,pretzel,chicken,true,true,cheddar,mayo,false,true,7.41
441,brioche,turkey,false,false,swiss,ketchup,false,true,7.3
442,brioche,chicken,false,false,swiss,mustard,false,true,12.01
443,pretzel,turkey,true,false,american,mustard,false,true,9.02
444,pretzel,chicken,true,false,cheddar,mayo,true,false,9.98
445,brioche,chicken,false,false,swiss,ketchup,true,true,11.32
446,pretzel,turkey,true,true,cheddar,mayo,true,false,6.59
447,pretzel,chicken,true,false,swiss,mustard,true,true,8.44
448,pretzel,turkey,true,true,american,mayo,true,false,7.75
449,brioche,turkey,true,true,swiss,mustard,true,false,10.24
450,pretzel,turkey,true,false,american,ketchup,true,true,10.21
451,pretzel,chicken,false,false,american,mayo,false,true,11.83
452,brioche,chicken,true,false,swiss,mustard,true,true,9.63
453,pretzel,chicken,true,false,swiss,mayo,true,true,8.5
454,pretzel,chicken,true,true,cheddar,mustard,true,false,11.85
455,brioche,chicken,false,false,cheddar,mustard,false,false,11.85
456,pretzel,turkey,false,true,cheddar,mayo,true,false,9.66
457,brioche,turkey,true,true,cheddar,ketchup,false,false,10.39
458,pretzel,turkey,true,true,swiss,ketchup,true,true,7.35
459,brioche,chicken,false,false,american,mayo,false,true,10.38
460,pretzel,turkey,true,false,american,mustard,false,false,7.51
461,pretzel,chicken,true,true,american,mayo,false,false,8.63
462,pretzel,chicken,false,true,american,mayo,false,false,12.11
463,pretzel,chicken,true,false,american,ketchup,true,false,8.72
464,pretzel,turkey,false,true,cheddar,mustard,true,true,12.92
465,pretzel,chicken,false,true,american,mayo,false,false,10.2
466,pretzel,chicken,true,false,cheddar,ketchup,false,false,6.11
467,brioche,turkey,true,false,swiss,mayo,true,false,8.09
468,brioche,turkey,true,true,cheddar,mustard,false,true,9.14
469,brioche,turkey,true,false,swiss,ketchup,false,true,9.69
470,pretzel,chicken,false,true,american,mustard,true,true,6.06
471,brioche,chicken,false,false,swiss,ketchup,false,false,6.87
472,pretzel,chicken,true,true,cheddar,ketchup,true,true,11.81
473,pretzel,turkey,false,true,cheddar,mustard,false,true,10.33
474,pretzel,chicken,true,true,cheddar,mayo,false,true,11.89
475,brioche,turkey,true,false,cheddar,mayo,false,false,7.36
476,pretzel,turkey,true,false,cheddar,mustard,false,false,8.06
477,pretzel,turkey,false,false,cheddar,mayo,false,true,6.39
478,brioche,turkey,true,true,american,mayo,true,true,6.33
479,pretzel,chicken,true,true,american,mustard,false,true,10.73
480,brioche,turkey,false,true,swiss,mayo,false,true,11.56
481,pretzel,turkey,false,true,swiss,ketchup,true,false,10.36
482,pretzel,turkey,false,false,cheddar,ketchup,false,true,6.83
483,pretzel,turkey,true,true,cheddar,mustard,false,true,9.34
484,brioche,turkey,false,true,swiss,mustard,true,true,9.13
485,brioche,chicken,true,false,american,mustard,true,true,7.99
486,brioche,turkey,false,false,swiss,ketchup,true,true,6.06
487,brioche,chicken,false,true,american,mayo,true,true,10.25
488,pretzel,turkey,false,true,american,mustard,false,false,9.26
489,brioche,chicken,false,true,american,mustard,false,false,9.93
490,pretzel,chicken,false,true,swiss,mayo,false,true,11.27
491,pretzel,turkey,false,true,cheddar,mustard,false,true,11.35
492,brioche,turkey,false,false,cheddar,mustard,true,true,11.09
493,brioche,chicken,true,true,cheddar,mayo,false,true,6.16
494,pretzel,turkey,false,true,cheddar,mayo,true,true,6.05
495,brioche,turkey,false,false,american,mustard,false,true,8.34
496,pretzel,turkey,true,true,american,ketchup,false,false,9.69
497,pretzel,chicken,false,false,cheddar,ketchup,false,true,10.28
498,pretzel,turkey,false,false,swiss,mayo,true,false,8.0
499,pretzel,chicken,true,false,swiss,ketchup,false,false,9.17
500,pretzel,turkey,false,false,american,ketchup,false,true,12.27
501,brioche,turkey,true,false,swiss,ketchup,false,false,8.52
502,pretzel,turkey,false,true,cheddar,mustard,false,true,7.93
503,pretzel,turkey,true,true,cheddar,mayo,true,true,8.34
504,brioche,turkey,true,false,cheddar,mayo,false,false,9.67
505,brioche,turkey,true,true,swiss,ketchup,false,false,6.41
506,brioche,chicken,true,false,swiss,ketchup,false,false,7.69
507,pretzel,turkey,false,true,american,mustard,false,true,8.66
508,brioche,chicken,true,false,cheddar,mustard,true,true,6.82
509,pretzel,chicken,true,false,swiss,ketchup,true,false,7.3
510,brioche,chicken,true,true,swiss,ketchup,true,false,8.91
511,brioche,turkey,true,false,swiss,ketchup,true,false,12.47
512,pretzel,turkey,false,false,american,mayo,false,false,12.13
513,pretzel,turkey,true,false,american,mayo,true,false,12.91
514,brioche,turkey,true,true,american,mayo,false,false,11.31
515,pretzel,chicken,true,false,cheddar,mustard,true,true,9.52
516,pretzel,turkey,true,true,swiss,mustard,false,true,12.95
517,pretzel,turkey,true,false,american,ketchup,false,true,8.76
518,brioche,turkey,false,true,american,mustard,true,true,9.32
519,brioche,turkey,true,true,cheddar,mustard,false,false,8.24
520,brioche,turkey,false,true,swiss,ketchup,true,true,9.23
521,pretzel,turkey,false,false,swiss,ketchup,true,false,12.53
522,brioche,turkey,true,false,american,ketchup,false,false,6.49
523,pretzel,chicken,true,false,american,mustard,true,true,12.17
524,pretzel,turkey,true,true,american,mayo,false,false,8.88
525,brioche,turkey,false,true,american,mayo,true,true,10.98
526,brioche,turkey,false,false,swiss,ketchup,true,true,6.32
527,brioche,chicken,true,true,swiss,mustard,true,true,7.98
528,pretzel,chicken,false,false,american,mustard,false,false,10.75
529,brioche,chicken,false,true,american,mustard,true,true,10.5
530,pretzel,chicken,false,true,american,mayo,true,true,11.43
531,pretzel,turkey,true,true,swiss,mayo,true,true,12.98
532,brioche,turkey,true,true,american,mustard,false,true,9.07
533,brioche,chicken,false,true,swiss,mustard,false,true,8.57
534,pretzel,chicken,false,true,swiss,mustard,true,true,10.24
535,brioche,turkey,false,true,swiss,mayo,false,false,10.61
536,pretzel,chicken,false,false,swiss,mustard,false,false,8.56
537,brioche,turkey,true,true,swiss,ketchup,true,false,6.09
538,brioche,chicken,true,true,american,ketchup,true,true,7.36
539,pretzel,chicken,false,true,cheddar,mayo,false,false,7.02
540,brioche,chicken,false,true,american,mustard,false,true,8.35
541,brioche,chicken,true,false,cheddar,ketchup,true,false,6.63
542,pretzel,chicken,false,false,swiss,mayo,false,true,9.12
543,pretzel,turkey,false,true,american,mustard,true,false,11.66
544,brioche,turkey,false,false,american,ketchup,false,true,6.55
545,pretzel,turkey,false,false,american,mustard,true,true,7.25
546,pretzel,chicken,true,true,swiss,mayo,true,true,9.4
547,pretzel,chicken,true,false,cheddar,mayo,true,true,7.21
548,pretzel,turkey,false,true,cheddar,mustard,false,true,9.94
549,pretzel,turkey,false,true,cheddar,ketchup,false,false,8.53
550,brioche,turkey,true,false,american,mayo,true,true,6.93
551,brioche,chicken,true,false,swiss,ketchup,true,true,7.06
552,pretzel,chicken,false,false,cheddar,mustard,true,true,10.36
553,brioche,chicken,true,false,cheddar,mustard,true,false,8.94
554,pretzel,turkey,true,false,american,mayo,true,false,7.51
555,brioche,turkey,false,false,cheddar,mustard,true,true,10.13
556,brioche,chicken,false,true,cheddar,ketchup,true,false,10.65
557,brioche,chicken,false,true,swiss,mustard,true,true,12.11
558,pretzel,turkey,true,false,swiss,mustard,false,false,12.54
559,pretzel,chicken,false,true,cheddar,mayo,false,true,9.43
560,pretzel,turkey,true,true,american,ketchup,false,false,7.57
561,brioche,turkey,true,true,american,ketchup,true,true,12.36
562,brioche,chicken,true,true,american,mustard,false,false,12.61
563,brioche,chicken,false,false,american,mustard,true,true,12.26
564,brioche,chicken,false,false,american,ketchup,false,false,9.11
565,pretzel,turkey,true,false,swiss,ketchup,false,false,6.9
566,pretzel,turkey,false,false,cheddar,mayo,true,false,8.97
567,brioche,turkey,false,false,swiss,mustard,false,false,7.89
568,brioche,chicken,false,false,swiss,mustard,true,true,9.28
569,pretzel,turkey,true,true,cheddar,mayo,false,false,12.77
570,pretzel,turkey,true,true,cheddar,mustard,false,false,6.07
571,pretzel,chicken,false,true,swiss,mayo,true,true,11.52
572,brioche,chicken,false,true,swiss,mustard,true,true,9.12
573,pretzel,chicken,true,false,cheddar,mayo,true,false,8.46
574,brioche,chicken,true,true,american,mustard,true,false,7.61
575,brioche,chicken,false,false,american,mustard,true,false,9.15
576,pretzel,turkey,false,false,cheddar,mayo,true,true,7.14
577,brioche,chicken,false,false,american,ketchup,true,true,9.01
578,brioche,chicken,false,false,swiss,mayo,false,false,11.88
579,brioche,turkey,true,false,swiss,mustard,false,false,11.08
580,brioche,chicken,false,true,cheddar,mustard,true,false,6.61
581,brioche,turkey,true,true,cheddar,mayo,false,true,10.26
582,brioche,turkey,true,true,american,mustard,false,true,10.38
583,brioche,chicken,false,false,american,ketchup,true,true,6.16
584,brioche,chicken,true,true,cheddar,mayo,false,false,11.03
585,pretzel,turkey,true,true,swiss,ketchup,true,false,6.58
586,pretzel,turkey,false,false,american,mayo,false,true,6.27
587,brioche,chicken,false,true,cheddar,mayo,true,true,12.76
588,pretzel,turkey,false,true,american,mustard,true,true,8.84
589,brioche,chicken,false,true,american,mustard,false,true,7.96
590,pretzel,turkey,false,true,american,ketchup,false,true,7.43
591,pretzel,chicken,false,false,cheddar,ketchup,false,true,6.72
592,brioche,chicken,false,false,swiss,ketchup,true,true,9.4
593,pretzel,chicken,false,false,swiss,ketchup,false,true,11.96
594,brioche,chicken,true,false,american,mayo,false,true,9.77
595,pretzel,turkey,false,true,american,mayo,true,false,11.58
596,pretzel,chicken,false,false,american,mayo,false,true,11.21
597,pretzel,chicken,false,false,swiss,mayo,true,false,12.33
598,pretzel,chicken,false,false,cheddar,mayo,true,true,7.96
599,brioche,turkey,true,false,cheddar,mustard,true,false,11.06
600,brioche,chicken,true,true,swiss,mayo,true,false,12.36
601,brioche,turkey,true,true,cheddar,ketchup,true,true,6.38
602,pretzel,chicken,false,false,american,mustard,false,false,10.88
603,pretzel,turkey,true,true,cheddar,mayo,false,true,6.63
604,brioche,chicken,true,true,american,mayo,true,true,12.04
605,brioche,chicken,false,true,swiss,mayo,true,false,8.38
606,brioche,chicken,true,true,swiss,mustard,true,true,12.23
607,pretzel,turkey,false,true,american,mustard,false,false,8.45
608,pretzel,turkey,true,true,swiss,ketchup,false,true,6.69
609,brioche,chicken,true,false,swiss,ketchup,false,false,7.28
610,brioche,turkey,false,false,american,mayo,false,false,11.63
611,pretzel,turkey,true,false,american,mustard,true,true,11.35
612,brioche,chicken,false,false,swiss,mustard,false,false,9.1
613,pretzel,turkey,true,false,swiss,ketchup,true,true,6.42
614,pretzel,chicken,false,true,swiss,mustard,true,false,9.99
615,pretzel,chicken,false,true,swiss,mayo,true,false,9.21
616,pretzel,turkey,false,true,cheddar,ketchup,false,false,12.01
617,brioche,chicken,false,true,cheddar,mayo,true,true,7.64
618,brioche,turkey,false,true,american,mayo,true,true,10.82
619,pretzel,turkey,true,true,swiss,mayo,false,true,8.3
620,pretzel,turkey,true,true,swiss,ketchup,false,false,9.72
621,pretzel,chicken,true,true,swiss,mustard,true,true,7.27
622,brioche,turkey,false,false,swiss,ketchup,true,true,12.9
623,pretzel,turkey,true,true,cheddar,ketchup,false,false,8.88
624,pretzel,chicken,true,true,american,mustard,false,true,6.02
625,pretzel,turkey,false,true,swiss,mustard,true,false,11.61
626,brioche,turkey,false,false,american,mayo,false,false,7.46
627,brioche,chicken,true,true,american,ketchup,false,false,6.97
628,pretzel,turkey,false,false,swiss,mayo,true,false,11.73
629,pretzel,turkey,true,true,cheddar,mustard,false,true,8.31
630,pretzel,chicken,false,false,swiss,mayo,true,true,9.51
631,pretzel,chicken,false,false,cheddar,mustard,false,false,6.48
632,pretzel,chicken,true,true,swiss,mayo,true,true,7.12
633,brioche,chicken,true,false,american,ketchup,false,false,11.88
634,pretzel,chicken,false,false,cheddar,mayo,true,true,6.39
635,pretzel,chicken,false,false,american,ketchup,true,true,10.4
636,pretzel,chicken,false,true,cheddar,mayo,false,true,9.82
637,brioche,chicken,true,true,cheddar,ketchup,true,true,6.62
638,pretzel,turkey,false,true,cheddar,ketchup,false,false,10.17
639,brioche,turkey,true,true,swiss,mayo,false,true,8.61
640,brioche,chicken,false,true,swiss,mayo,false,false,7.27
641,pretzel,turkey,false,true,american,ketchup,true,true,12.34
642,pretzel,turkey,false,false,cheddar,mayo,true,true,10.71
643,brioche,turkey,false,true,cheddar,mustard,true,true,12.31
644,brioche,turkey,true,true,cheddar,mustard,true,true,10.66
645,pretzel,turkey,true,false,swiss,mayo,true,true,9.17
646,brioche,chicken,true,true,swiss,mustard,false,true,8.17
647,pretzel,chicken,true,true,swiss,ketchup,false,false,6.1
648,brioche,chicken,false,false,swiss,ketchup,false,true,10.81
649,brioche,turkey,false,true,american,ketchup,true,true,6.57
650,pretzel,chicken,false,false,swiss,ketchup,true,false,12.34
651,brioche,chicken,true,false,american,ketchup,true,true,6.57
652,pretzel,chicken,true,true,cheddar,ketchup,true,true,12.39
653,brioche,turkey,true,false,cheddar,mayo,false,true,6.42
654,brioche,turkey,false,false,cheddar,mayo,true,false,9.08
655,pretzel,turkey,false,false,cheddar,mayo,true,true,9.58
656,brioche,turkey,false,true,swiss,ketchup,true,false,10.12
657,pretzel,chicken,false,false,cheddar,mayo,false,false,11.89
658,pretzel,turkey,false,true,swiss,ketchup,false,false,7.66
659,pretzel,chicken,false,true,swiss,mayo,true,false,8.62
660,pretzel,chicken,true,false,american,ketchup,true,false,12.1
661,pretzel,turkey,true,true,american,mayo,false,true,9.44
662,pretzel,turkey,true,true,american,mayo,true,true,11.17
663,brioche,turkey,false,true,american,mayo,false,true,6.3
664,pretzel,chicken,true,true,swiss,mustard,true,true,8.09
665,brioche,chicken,true,true,american,mayo,true,false,8.71
666,brioche,chicken,false,false,american,mayo,false,true,9.41
667,pretzel,chicken,true,true,cheddar,mustard,true,true,8.22
668,pretzel,chicken,true,true,american,ketchup,true,false,11.15
669,brioche,turkey,false,false,cheddar,mayo,true,true,6.98
670,pretzel,chicken,false,false,cheddar,ketchup,false,false,10.62
671,brioche,turkey,false,true,swiss,mayo,true,true,7.09
672,brioche,chicken,true,true,cheddar,ketchup,false,true,9.96
673,brioche,turkey,true,false,cheddar,ketchup,true,true,9.56
674,brioche,chicken,true,false,american,ketchup,true,true,11.63
675,pretzel,chicken,false,false,swiss,mayo,false,false,9.91
676,brioche,turkey,false,true,cheddar,mustard,true,true,10.63
677,pretzel,turkey,false,true,swiss,ketchup,true,true,7.77
678,brioche,turkey,false,false,swiss,ketchup,true,true,9.29
679,brioche,chicken,false,false,swiss,ketchup,false,false,6.24
680,brioche,chicken,false,false,cheddar,ketchup,true,false,8.02
681,brioche,chicken,true,true,cheddar,mustard,false,false,11.95
682,pretzel,chicken,false,true,cheddar,mayo,true,true,7.63
683,brioche,turkey,true,true,cheddar,ketchup,false,false,8.03
684,brioche,chicken,true,true,swiss,mayo,true,false,11.38
685,brioche,chicken,true,false,cheddar,ketchup,false,true,7.35
686,brioche,chicken,true,false,cheddar,mustard,true,false,8.5
687,pretzel,chicken,false,false,cheddar,mustard,true,false,7.13
688,brioche,turkey,true,true,swiss,ketchup,true,false,7.16
689,brioche,turkey,true,true,cheddar,mayo,true,true,12.54
690,brioche,chicken,false,false,swiss,mustard,true,false,7.65
691,brioche,chicken,false,true,cheddar,mayo,false,true,8.11
692,pretzel,chicken,false,false,american,mustard,true,false,6.05
693,brioche,turkey,true,false,swiss,mayo,false,false,12.67
694,brioche,chicken,true,true,cheddar,ketchup,false,true,12.89
695,pretzel,turkey,true,false,swiss,mayo,false,true,6.0
696,pretzel,chicken,false,false,american,mustard,false,true,6.83
697,brioche,chicken,true,true,cheddar,mayo,false,true,6.21
698,brioche,turkey,true,true,american,mayo,false,false,7.01
699,pretzel,chicken,true,false,american,mayo,true,true,9.26
700,brioche,chicken,true,false,cheddar,mayo,false,false,6.8
701,brioche,turkey,true,false,american,mayo,true,false,12.6
702,pretzel,chicken,false,true,american,ketchup,true,false,8.53
703,pretzel,chicken,false,false,swiss,ketchup,true,true,6.08
704,pretzel,turkey,true,false,american,mustard,true,true,11.21
705,brioche,chicken,false,true,american,mayo,true,false,6.8
706,pretzel,turkey,false,false,cheddar,ketchup,true,true,6.57
707,brioche,turkey,true,false,cheddar,ketchup,false,false,6.66
708,pretzel,chicken,true,true,swiss,ketchup,true,false,10.19
709,brioche,turkey,true,true,cheddar,ketchup,true,false,6.79
710,pretzel,turkey,false,false,cheddar,ketchup,false,true,9.62
711,brioche,chicken,false,true,american,mayo,true,true,11.85
712,brioche,chicken,false,false,swiss,ketchup,false,false,10.24
713,pretzel,turkey,true,true,cheddar,mayo,false,false,12.94
714,brioche,chicken,false,false,american,ketchup,true,true,12.44
715,pretzel,chicken,false,true,american,ketchup,false,true,6.02
716,brioche,turkey,true,false,american,ketchup,false,true,12.21
717,pretzel,chicken,true,false,american,ketchup,false,true,11.75
718,brioche,chicken,true,true,american,mayo,true,true,10.17
719,pretzel,chicken,true,true,cheddar,ketchup,false,true,12.76
720,pretzel,chicken,false,true,cheddar,mayo,false,false,12.84
721,pretzel,turkey,true,true,cheddar,mustard,false,false,6.68
722,brioche,chicken,true,false,american,ketchup,false,true,8.04
723,brioche,turkey,false,false,cheddar,ketchup,true,false,6.55
724,pretzel,chicken,false,true,cheddar,ketchup,false,false,6.18
725,brioche,turkey,true,false,swiss,mustard,false,true,12.91
726,pretzel,chicken,true,false,american,mayo,false,true,10.99
727,brioche,turkey,false,true,cheddar,mustard,false,false,7.57
728,brioche,turkey,false,true,swiss,ketchup,false,false,12.05
729,pretzel,turkey,false,false,swiss,ketchup,false,true,8.71
730,pretzel,chicken,false,false,american,mayo,false,false,12.93
731,pretzel,turkey,false,true,cheddar,mayo,false,true,6.06
732,pretzel,turkey,true,true,swiss,mustard,true,false,9.33
733,brioche,chicken,false,false,cheddar,mayo,true,true,8.2
734,brioche,turkey,true,true,cheddar,ketchup,true,true,9.01
735,pretzel,chicken,false,true,american,mayo,false,false,7.95
736,brioche,turkey,false,true,swiss,mayo,true,true,7.61
737,pretzel,chicken,true,false,american,ketchup,true,true,7.39
738,pretzel,turkey,true,false,american,mustard,true,false,7.47
739,brioche,turkey,false,false,cheddar,mustard,true,true,10.15
740,brioche,chicken,true,true,american,mustard,false,true,6.49
741,pretzel,chicken,false,false,american,ketchup,true,true,7.15
742,brioche,turkey,true,false,american,mayo,false,true,6.34
743,pretzel,turkey,false,false,american,mustard,true,false,10.94
744,brioche,turkey,false,false,american,mustard,false,true,7.69
745,pretzel,chicken,false,false,swiss,mayo,true,false,11.87
746,brioche,turkey,true,true,swiss,mustard,true,false,7.97
747,brioche,turkey,false,true,cheddar,mustard,true,true,12.15
748,brioche,turkey,true,true,swiss,mayo,true,false,12.68
749,pretzel,chicken,false,false,cheddar,mustard,true,false,7.0
750,pretzel,turkey,false,true,american,ketchup,true,false,8.84
751,brioche,turkey,false,false,cheddar,ketchup,true,true,8.26
752,brioche,chicken,true,false,american,ketchup,true,true,9.35
753,pretzel,chicken,true,false,swiss,ketchup,false,true,12.07
754,pretzel,chicken,false,true,swiss,mustard,false,true,7.5
755,brioche,chicken,true,true,swiss,mustard,false,true,6.44
756,pretzel,turkey,false,false,swiss,mayo,true,true,10.05
757,brioche,chicken,false,true,cheddar,ketchup,false,false,7.37
758,brioche,turkey,false,true,american,mayo,true,true,10.79
759,brioche,turkey,true,true,swiss,mustard,true,true,9.73
760,brioche,turkey,true,true,american,ketchup,false,true,10.38
761,pretzel,turkey,true,false,cheddar,mayo,true,true,7.59
762,pretzel,chicken,false,true,american,mustard,true,true,6.67
763,pretzel,chicken,true,false,cheddar,ketchup,false,true,11.94
764,pretzel,turkey,true,true,cheddar,ketchup,false,false,12.19
765,brioche,turkey,false,false,swiss,ketchup,false,false,12.13
766,pretzel,chicken,false,false,cheddar,mayo,false,false,11.16
767,pretzel,turkey,false,true,american,mayo,true,false,12.45
768,brioche,chicken,false,false,swiss,mustard,false,true,12.98
769,brioche,turkey,false,true,cheddar,mayo,true,true,7.78
770,pretzel,chicken,false,false,swiss,mayo,false,true,6.46
771,brioche,chicken,false,false,american,mustard,true,false,7.2
772,pretzel,turkey,true,true,cheddar,mustard,false,true,9.8
773,pretzel,turkey,true,false,american,mayo,false,true,7.05
774,pretzel,turkey,true,false,swiss,ketchup,true,false,6.54
775,brioche,turkey,true,false,swiss,mayo,false,true,12.63
776,brioche,turkey,false,true,swiss,mayo,true,true,12.37
777,brioche,turkey,false,false,cheddar,mustard,false,true,7.94
778,brioche,chicken,true,false,swiss,mayo,true,false,7.0
779,brioche,chicken,true,true,swiss,ketchup,true,false,7.11
780,pretzel,turkey,true,true,cheddar,mayo,true,true,6.61
781,pretzel,chicken,true,false,swiss,mustard,true,true,11.32
782,brioche,turkey,false,true,american,ketchup,false,false,8.67
783,brioche,turkey,true,false,swiss,ketchup,true,false,9.96
784,brioche,turkey,true,false,american,mayo,true,true,7.41
785,pretzel,chicken,false,false,cheddar,ketchup,true,true,8.67
786,pretzel,turkey,false,true,swiss,mustard,false,false,11.58
787,brioche,turkey,true,true,cheddar,mustard,false,true,11.68
788,brioche,chicken,false,false,american,mustard,true,false,8.67
789,pretzel,chicken,true,true,american,mustard,false,false,11.09
790,pretzel,chicken,false,true,american,ketchup,true,false,7.8
791,pretzel,turkey,false,false,cheddar,mustard,true,false,12.99
792,brioche,chicken,true,false,cheddar,mustard,false,true,7.76
793,brioche,turkey,false,false,american,mustard,true,false,9.06
794,pretzel,chicken,true,true,cheddar,mustard,true,true,12.19
795,brioche,turkey,true,false,cheddar,mayo,false,true,8.81
796,pretzel,turkey,false,true,cheddar,mayo,true,true,6.59
797,brioche,turkey,true,false,american,mustard,true,false,8.04
798,pretzel,turkey,true,false,american,mustard,true,false,11.16
799,pretzel,turkey,true,false,swiss,mayo,false,true,12.45
800,brioche,chicken,true,true,cheddar,ketchup,false,false,12.22
801,brioche,turkey,false,false,swiss,mustard,true,false,11.95
802,brioche,chicken,true,true,american,ketchup,false,true,12.48
803,brioche,chicken,false,true,cheddar,mustard,true,false,6.41
804,brioche,chicken,false,false,swiss,ketchup,true,true,8.5
805,brioche,chicken,true,false,american,mayo,false,false,6.23
806,pretzel,turkey,false,false,cheddar,mustard,true,true,6.96
807,pretzel,chicken,true,false,cheddar,mayo,false,true,8.16
808,brioche,chicken,true,true,american,mayo,false,false,12.55
809,brioche,chicken,false,false,cheddar,mustard,true,false,12.09
810,brioche,chicken,false,false,cheddar,ketchup,true,false,6.75
811,brioche,chicken,true,false,american,ketchup,false,false,7.55
812,brioche,chicken,false,false,swiss,mustard,true,true,10.07
813,pretzel,chicken,true,true,swiss,mayo,false,true,9.62
814,brioche,turkey,false,false,cheddar,ketchup,false,true,7.97
815,pretzel,chicken,false,false,american,ketchup,false,true,8.11
816,brioche,chicken,false,false,swiss,mayo,true,true,7.75
817,brioche,turkey,true,true,american,mustard,true,false,12.04
818,brioche,turkey,false,false,cheddar,mustard,true,false,10.54
819,pretzel,chicken,false,true,cheddar,mustard,false,true,7.4
820,brioche,turkey,true,false,american,ketchup,false,false,8.06
821,pretzel,chicken,true,false,american,ketchup,false,true,8.7
822,brioche,turkey,false,true,cheddar,mayo,true,false,11.41
823,brioche,turkey,false,true,cheddar,ketchup,true,true,8.05
824,pretzel,turkey,true,true,cheddar,mayo,false,false,6.27
825,brioche,chicken,false,true,cheddar,ketchup,false,false,9.61
826,pretzel,chicken,false,false,swiss,ketchup,true,false,7.27
827,brioche,turkey,false,true,cheddar,ketchup,true,true,12.26
828,brioche,turkey,true,false,american,mustard,false,true,10.84
829,brioche,turkey,false,false,cheddar,mayo,false,true,10.87
830,brioche,turkey,true,false,swiss,mustard,true,false,8.83
831,brioche,chicken,true,false,swiss,ketchup,true,false,12.61
832,brioche,chicken,false,false,american,ketchup,true,true,7.11
833,brioche,turkey,false,false,swiss,mayo,false,false,6.85
834,pretzel,chicken,true,false,swiss,mustard,false,false,8.21
835,brioche,chicken,false,true,cheddar,mustard,false,false,10.7
836,pretzel,chicken,true,false,swiss,mayo,false,true,6.51
837,pretzel,turkey,true,false,swiss,mustard,false,true,6.48
838,brioche,turkey,false,false,cheddar,mayo,true,true,8.04
839,pretzel,turkey,false,true,cheddar,ketchup,false,false,9.81
840,pretzel,chicken,true,false,cheddar,mustard,true,true,12.68
841,pretzel,chicken,true,false,swiss,ketchup,true,false,6.26
842,pretzel,turkey,false,false,american,mustard,true,false,9.28
843,brioche,chicken,true,true,cheddar,mustard,true,false,6.82
844,pretzel,turkey,false,true,american,ketchup,false,true,10.84
845,pretzel,chicken,true,true,american,ketchup,true,false,12.85
846,brioche,turkey,true,true,swiss,mustard,false,false,8.91
847,brioche,chicken,true,false,american,mustard,false,true,11.41
848,brioche,turkey,true,false,american,ketchup,true,false,11.01
849,pretzel,turkey,false,false,cheddar,ketchup,false,false,6.56
850,brioche,turkey,true,true,american,mayo,false,false,11.34
851,brioche,chicken,false,true,swiss,mustard,true,true,11.56
852,brioche,turkey,true,true,american,mustard,true,false,7.83
853,pretzel,chicken,true,false,american,mustard,true,false,11.26
854,pretzel,turkey,true,false,swiss,ketchup,true,true,7.86
855,pretzel,chicken,false,true,cheddar,mustard,true,false,6.64
856,pretzel,turkey,true,false,american,mustard,false,false,12.11
857,brioche,turkey,true,false,swiss,ketchup,false,false,12.45
858,brioche,turkey,false,false,american,mustard,true,true,9.16
859,brioche,turkey,false,true,swiss,ketchup,false,true,6.55
860,brioche,turkey,false,true,american,mayo,false,true,8.94
861,pretzel,turkey,false,false,cheddar,ketchup,true,true,12.47
862,pretzel,turkey,true,false,swiss,mayo,true,false,10.26
863,pretzel,turkey,false,false,american,mustard,false,false,6.25
864,brioche,turkey,false,false,swiss,mustard,false,true,6.64
865,pretzel,chicken,false,false,cheddar,mustard,true,false,7.62
866,pretzel,chicken,true,true,swiss,mayo,true,true,9.29
867,pretzel,chicken,true,true,american,ketchup,false,false,6.64
868,brioche,chicken,true,false,american,mustard,true,true,10.76
869,pretzel,turkey,false,true,cheddar,mayo,false,true,12.9
870,pretzel,chicken,false,false,swiss,ketchup,true,true,9.89
871,pretzel,turkey,true,false,cheddar,ketchup,true,false,11.12
872,pretzel,turkey,true,true,swiss,mayo,true,true,8.4
873,brioche,turkey,false,false,american,ketchup,true,false,10.13
874,pretzel,turkey,false,true,swiss,ketchup,false,true,6.47
875,brioche,chicken,false,false,cheddar,ketchup,true,true,6.56
876,brioche,chicken,true,false,swiss,mustard,false,true,10.73
877,pretzel,turkey,false,false,swiss,mayo,false,true,8.02
878,pretzel,turkey,true,false,cheddar,mustard,false,true,12.48
879,brioche,chicken,true,false,swiss,mayo,true,true,12.77
880,brioche,chicken,true,true,swiss,ketchup,false,false,9.22
881,pretzel,turkey,false,false,american,mayo,true,false,7.14
882,pretzel,turkey,false,true,cheddar,ketchup,false,true,12.3
883,pretzel,chicken,false,true,american,ketchup,true,true,8.44
884,pretzel,chicken,true,false,american,mayo,true,false,10.75
885,pretzel,chicken,false,false,cheddar,ketchup,false,true,9.56
886,brioche,turkey,false,true,swiss,ketchup,false,false,11.84
887,brioche,chicken,true,false,american,ketchup,true,false,12.34
888,pretzel,chicken,false,false,swiss,mayo,false,true,9.8
889,pretzel,chicken,true,true,cheddar,ketchup,true,false,12.58
890,brioche,chicken,true,true,swiss,mayo,false,false,9.94
891,pretzel,chicken,true,true,swiss,mayo,false,false,8.53
892,brioche,turkey,true,false,american,ketchup,false,true,10.46
893,pretzel,turkey,true,false,swiss,mayo,false,false,9.67
894,pretzel,chicken,true,false,american,ketchup,false,true,12.81
895,pretzel,chicken,true,true,swiss,ketchup,false,true,8.76
896,brioche,turkey,true,true,cheddar,ketchup,true,true,8.85
897,pretzel,turkey,true,true,swiss,mayo,false,false,8.98
898,pretzel,chicken,true,false,swiss,mustard,true,true,11.9
899,brioche,chicken,false,true,swiss,mayo,true,false,6.46
900,pretzel,turkey,false,false,swiss,mustard,true,true,11.69
901,pretzel,turkey,true,true,american,mustard,true,true,12.26
902,pretzel,chicken,true,false,american,mustard,false,true,11.6
903,pretzel,turkey,true,true,american,ketchup,true,true,11.69
904,pretzel,chicken,false,true,swiss,mayo,true,true,8.39
905,pretzel,turkey,true,true,swiss,mayo,false,false,9.38
906,brioche,chicken,true,true,american,mustard,false,true,10.98
907,brioche,turkey,true,false,american,mayo,false,true,6.26
908,brioche,chicken,true,false,cheddar,ketchup,false,true,11.63
909,pretzel,turkey,false,false,american,ketchup,false,false,9.64
910,pretzel,chicken,false,false,cheddar,ketchup,true,true,9.94
911,brioche,chicken,true,false,cheddar,mayo,true,false,11.78
912,brioche,turkey,false,false,swiss,mayo,true,true,7.94
913,brioche,chicken,false,false,cheddar,mayo,true,true,8.87
914,pretzel,turkey,false,false,swiss,mayo,true,true,6.86
915,pretzel,turkey,false,true,cheddar,ketchup,false,true,9.85
916,brioche,chicken,false,false,cheddar,mustard,true,true,9.48
917,pretzel,turkey,false,true,cheddar,mayo,true,false,6.64
918,pretzel,turkey,true,true,american,ketchup,true,true,6.74
919,brioche,turkey,false,true,swiss,mustard,false,true,8.9
920,pretzel,chicken,false,true,cheddar,mayo,false,true,10.85
921,pretzel,turkey,false,false,cheddar,mayo,true,false,12.74
922,brioche,chicken,true,true,swiss,mustard,false,false,6.29
923,brioche,turkey,false,false,swiss,mustard,true,false,7.97
924,pretzel,turkey,true,false,swiss,ketchup,true,true,9.57
925,pretzel,turkey,true,false,cheddar,mustard,false,false,8.7
926,pretzel,turkey,false,true,swiss,mayo,true,true,9.46
927,brioche,turkey,true,false,swiss,mayo,false,true,6.11
928,pretzel,turkey,false,false,american,mayo,false,true,6.74
929,pretzel,chicken,true,true,cheddar,ketchup,true,false,9.11
930,brioche,chicken,false,false,swiss,ketchup,false,false,12.22
931,pretzel,turkey,true,true,american,mustard,true,false,12.43
932,brioche,chicken,true,true,cheddar,mustard,false,true,12.6
933,pretzel,chicken,true,true,cheddar,mayo,true,false,11.79
934,brioche,turkey,false,true,american,mayo,false,true,11.98
935,pretzel,turkey,true,true,cheddar,ketchup,true,true,12.21
936,pretzel,turkey,true,false,american,mustard,true,true,12.13
937,pretzel,chicken,true,false,cheddar,mayo,false,true,10.51
938,pretzel,turkey,true,true,cheddar,mustard,false,true,8.79
939,brioche,turkey,false,true,american,ketchup,true,true,10.75
940,brioche,chicken,true,false,cheddar,mayo,false,false,6.22
941,brioche,chicken,false,false,swiss,mayo,false,true,7.8
942,pretzel,chicken,false,true,american,mustard,true,true,7.39
943,brioche,chicken,true,false,swiss,mayo,false,false,11.57
944,pretzel,chicken,false,true,american,mustard,true,true,7.05
945,pretzel,turkey,false,true,cheddar,mayo,false,true,12.49
946,pretzel,turkey,true,true,cheddar,ketchup,true,true,9.32
947,brioche,turkey,false,false,swiss,mayo,true,false,6.58
948,brioche,chicken,true,false,swiss,mayo,true,true,9.38
949,brioche,chicken,true,false,cheddar,mustard,false,true,12.15
950,pretzel,turkey,true,false,swiss,ketchup,true,true,12.73
951,brioche,turkey,true,true,american,mayo,true,true,9.25
952,pretzel,chicken,false,false,cheddar,mustard,false,true,6.13
953,brioche,chicken,false,false,swiss,ketchup,false,true,12.45
954,pretzel,turkey,false,false,swiss,mustard,true,true,7.24
955,brioche,chicken,false,true,swiss,mustard,false,true,10.03
956,pretzel,chicken,true,false,cheddar,mayo,false,false,12.86
957,brioche,turkey,false,true,cheddar,mustard,true,true,9.01
958,pretzel,chicken,false,false,swiss,ketchup,false,true,8.74
959,pretzel,turkey,false,true,american,ketchup,false,false,12.27
960,brioche,turkey,false,true,swiss,mayo,false,true,10.64
961,brioche,chicken,true,false,cheddar,ketchup,true,false,12.19
962,brioche,chicken,false,true,swiss,ketchup,false,true,10.32
963,brioche,chicken,false,true,cheddar,ketchup,false,false,8.09
964,brioche,chicken,false,false,cheddar,mustard,true,false,8.6
965,brioche,turkey,false,true,swiss,mustard,true,true,12.85
966,pretzel,chicken,false,false,cheddar,ketchup,false,true,12.02
967,brioche,chicken,true,true,cheddar,mayo,true,false,6.44
968,pretzel,turkey,false,false,cheddar,mayo,true,true,6.64
969,brioche,turkey,false,true,cheddar,mayo,true,true,8.07
970,brioche,turkey,true,false,cheddar,ketchup,false,false,12.65
971,pretzel,chicken,false,false,cheddar,mustard,true,true,6.95
972,brioche,chicken,false,false,american,ketchup,true,false,8.36
973,brioche,turkey,true,true,cheddar,mayo,false,false,9.71
974,pretzel,chicken,true,false,cheddar,mayo,false,false,7.96
975,brioche,chicken,false,false,american,ketchup,true,false,12.34
976,pretzel,chicken,false,false,swiss,ketchup,true,false,12.63
977,pretzel,chicken,false,true,american,mayo,false,false,7.85
978,brioche,turkey,false,true,american,ketchup,false,false,8.58
979,pretzel,chicken,false,true,american,mustard,true,false,10.92
980,pretzel,turkey,true,false,swiss,ketchup,false,true,9.22
981,pretzel,turkey,true,false,american,mustard,true,false,9.35
982,brioche,chicken,false,false,swiss,mustard,true,true,6.59
983,pretzel,turkey,true,false,cheddar,mayo,true,false,6.83
984,brioche,chicken,false,true,american,mustard,false,true,11.9
985,brioche,turkey,false,false,swiss,mustard,true,false,12.77
986,pretzel,chicken,true,false,american,mustard,true,true,12.09
987,pretzel,chicken,false,true,american,ketchup,false,false,7.88
988,brioche,turkey,false,false,cheddar,mustard,true,true,9.68
989,brioche,chicken,false,false,american,mayo,false,false,9.28
990,brioche,turkey,false,true,swiss,mayo,true,true,8.28
991,brioche,turkey,false,true,cheddar,mayo,true,true,12.99
992,pretzel,chicken,false,false,swiss,mayo,false,false,10.28
993,brioche,chicken,true,true,cheddar,mustard,true,false,8.84
994,brioche,turkey,true,false,swiss,mustard,true,true,7.74
995,pretzel,turkey,true,true,swiss,mustard,false,false,11.0
996,brioche,chicken,false,true,swiss,ketchup,false,false,6.91
997,pretzel,turkey,true,true,swiss,ketchup,false,false,6.98
998,brioche,turkey,true,true,cheddar,mustard,false,true,6.63
999,pretzel,turkey,true,false,american,ketchup,true,false,8.3
1000,pretzel,turkey,false,true,cheddar,ketchup,true,false,7.19
