sandwich_type,bun_type,fillings,protein,sauce,toppings,spices,side_dish,drink,price
chicken,brioche,lettuce,turkey,mustard,lettuce,pepper,salad,water,10.42
chicken,brioche,cheese,beef,mustard,cheese,pepper,salad,water,12.53
turkey,brioche,lettuce,beef,mustard,tomato,pepper,chips,soda,9.55
turkey,brioche,lettuce,chicken,mustard,tomato,pepper,salad,water,8.83
turkey,brioche,tomato,turkey,mustard,cheese,pepper,chips,water,9.96
chicken,brioche,cheese,turkey,mustard,tomato,pepper,salad,water,9.2
chicken,brioche,tomato,chicken,mustard,lettuce,salt,salad,water,10.52
turkey,brioche,tomato,chicken,mayo,cheese,pepper,salad,water,12.25
turkey,brioche,tomato,beef,mayo,tomato,salt,chips,water,5.45
turkey,brioche,cheese,turkey,mustard,cheese,salt,chips,water,13.88
chicken,brioche,lettuce,chicken,mustard,cheese,pepper,chips,soda,12.21
chicken,brioche,mayo,beef,mayo,lettuce,pepper,salad,water,9.24
turkey,brioche,mayo,chicken,mayo,tomato,pepper,chips,soda,14.54
turkey,brioche,cheese,turkey,mustard,lettuce,pepper,chips,water,13.3
turkey,brioche,cheese,beef,mayo,tomato,pepper,chips,water,11.18
chicken,brioche,cheese,chicken,mustard,lettuce,pepper,salad,soda,6.22
turkey,brioche,cheese,chicken,mayo,lettuce,pepper,chips,water,13.99
chicken,brioche,cheese,beef,mayo,lettuce,salt,chips,water,9.73
turkey,brioche,mayo,turkey,mustard,cheese,pepper,salad,soda,6.57
turkey,brioche,tomato,beef,mustard,cheese,pepper,chips,water,8.46
turkey,brioche,cheese,beef,mayo,cheese,pepper,salad,water,9.36
turkey,brioche,mayo,turkey,mustard,tomato,pepper,chips,soda,7.78
turkey,brioche,lettuce,turkey,mustard,cheese,pepper,salad,water,5.31
chicken,brioche,lettuce,chicken,mustard,lettuce,pepper,salad,water,7.84
chicken,brioche,mayo,turkey,mayo,tomato,pepper,salad,soda,7.54
chicken,brioche,mayo,beef,mayo,cheese,salt,salad,soda,5.68
chicken,brioche,mayo,chicken,mustard,cheese,salt,salad,water,14.79
turkey,brioche,tomato,beef,mustard,lettuce,salt,salad,soda,11.92
turkey,brioche,tomato,beef,mayo,cheese,salt,chips,water,10.52
turkey,brioche,mayo,turkey,mayo,cheese,pepper,salad,soda,6.04
chicken,brioche,mayo,beef,mayo,cheese,pepper,salad,water,6.17
turkey,brioche,cheese,chicken,mayo,tomato,salt,chips,water,11.64
turkey,brioche,cheese,beef,mustard,cheese,pepper,chips,water,5.74
turkey,brioche,mustard,turkey,mustard,cheese,salt,chips,soda,9.74
turkey,brioche,tomato,turkey,mayo,lettuce,pepper,chips,water,7.58
turkey,brioche,tomato,turkey,mustard,lettuce,pepper,salad,soda,10.82
chicken,brioche,mayo,turkey,mustard,cheese,pepper,chips,soda,12.6
turkey,brioche,lettuce,beef,mayo,cheese,salt,salad,soda,13.39
chicken,brioche,lettuce,chicken,mayo,lettuce,pepper,salad,water,9.12
turkey,brioche,mustard,chicken,mayo,tomato,salt,chips,soda,12.94
chicken,brioche,lettuce,beef,mayo,lettuce,pepper,salad,water,5.64
chicken,brioche,cheese,chicken,mustard,tomato,salt,chips,soda,9.52
turkey,brioche,tomato,chicken,mayo,cheese,pepper,chips,water,9.98
turkey,brioche,mustard,turkey,mustard,lettuce,pepper,chips,water,10.41
turkey,brioche,mustard,beef,mustard,cheese,salt,salad,soda,6.95
turkey,brioche,mustard,chicken,mustard,lettuce,pepper,salad,water,6.28
turkey,brioche,tomato,turkey,mayo,lettuce,salt,chips,soda,11.24
turkey,brioche,cheese,turkey,mustard,tomato,salt,salad,water,12.42
turkey,brioche,cheese,chicken,mayo,tomato,pepper,chips,water,14.44
chicken,brioche,mayo,turkey,mustard,lettuce,salt,chips,soda,5.9
turkey,brioche,mayo,chicken,mayo,lettuce,pepper,salad,soda,8.63
chicken,brioche,tomato,chicken,mustard,lettuce,pepper,chips,water,9.09
chicken,brioche,lettuce,turkey,mayo,lettuce,salt,chips,soda,13.35
chicken,brioche,lettuce,beef,mustard,lettuce,salt,salad,water,7.99
turkey,brioche,cheese,turkey,mustard,lettuce,salt,chips,water,7.29
chicken,brioche,mustard,turkey,mayo,lettuce,salt,salad,water,5.88
chicken,brioche,lettuce,beef,mayo,cheese,salt,chips,soda,9.17
chicken,brioche,mayo,turkey,mayo,lettuce,salt,salad,water,8.91
turkey,brioche,lettuce,beef,mustard,tomato,pepper,chips,soda,13.45
turkey,brioche,tomato,beef,mustard,lettuce,pepper,chips,water,9.93
chicken,brioche,lettuce,chicken,mustard,cheese,salt,salad,water,5.54
turkey,brioche,mustard,turkey,mustard,cheese,salt,salad,soda,6.59
chicken,brioche,tomato,turkey,mustard,lettuce,salt,salad,water,5.01
turkey,brioche,lettuce,beef,mustard,cheese,pepper,chips,soda,8.16
turkey,brioche,lettuce,chicken,mustard,tomato,salt,salad,water,5.62
turkey,brioche,cheese,chicken,mustard,lettuce,salt,salad,water,9.83
chicken,brioche,tomato,beef,mayo,tomato,pepper,salad,water,8.55
chicken,brioche,cheese,beef,mustard,lettuce,salt,chips,soda,11.74
chicken,brioche,mustard,turkey,mayo,cheese,pepper,chips,soda,12.66
turkey,brioche,cheese,beef,mustard,lettuce,pepper,chips,water,13.17
turkey,brioche,cheese,beef,mustard,lettuce,pepper,chips,soda,8.09
chicken,brioche,cheese,beef,mayo,tomato,pepper,chips,water,5.72
chicken,brioche,mayo,chicken,mayo,tomato,pepper,salad,soda,7.09
chicken,brioche,lettuce,beef,mayo,tomato,salt,chips,soda,13.66
chicken,brioche,cheese,beef,mayo,tomato,pepper,salad,soda,8.92
turkey,brioche,mustard,turkey,mayo,lettuce,salt,salad,water,6.9
turkey,brioche,cheese,turkey,mayo,lettuce,pepper,salad,soda,5.57
chicken,brioche,mustard,beef,mayo,cheese,salt,chips,soda,13.34
turkey,brioche,tomato,beef,mustard,tomato,pepper,salad,soda,5.93
turkey,brioche,tomato,turkey,mayo,lettuce,salt,chips,soda,8.06
chicken,brioche,cheese,beef,mustard,cheese,salt,salad,water,12.27
chicken,brioche,mustard,turkey,mayo,tomato,pepper,chips,water,14.34
turkey,brioche,lettuce,beef,mayo,cheese,pepper,chips,water,13.4
chicken,brioche,mustard,turkey,mustard,tomato,pepper,salad,soda,14.08
turkey,brioche,lettuce,chicken,mayo,cheese,salt,chips,water,9.91
chicken,brioche,mustard,chicken,mayo,cheese,pepper,chips,water,13.75
chicken,brioche,lettuce,turkey,mayo,tomato,salt,salad,water,5.4
turkey,brioche,mayo,beef,mustard,cheese,pepper,chips,water,14.4
chicken,brioche,cheese,chicken,mayo,cheese,salt,chips,soda,10.97
turkey,brioche,lettuce,turkey,mustard,tomato,pepper,salad,soda,5.38
chicken,brioche,mustard,turkey,mayo,tomato,salt,chips,soda,6.25
chicken,brioche,tomato,turkey,mustard,cheese,pepper,salad,water,6.13
chicken,brioche,tomato,chicken,mustard,lettuce,pepper,salad,soda,13.73
turkey,brioche,tomato,beef,mustard,tomato,salt,chips,soda,13.08
chicken,brioche,mayo,beef,mustard,cheese,pepper,chips,soda,6.73
turkey,brioche,lettuce,beef,mustard,cheese,pepper,chips,water,6.34
chicken,brioche,lettuce,chicken,mayo,lettuce,pepper,salad,soda,14.81
turkey,brioche,cheese,chicken,mayo,tomato,salt,salad,soda,12.93
turkey,brioche,mayo,turkey,mayo,cheese,salt,chips,water,10.6
turkey,brioche,tomato,turkey,mustard,tomato,pepper,salad,water,7.54
turkey,brioche,mayo,beef,mustard,lettuce,pepper,salad,soda,12.34
chicken,brioche,lettuce,turkey,mustard,lettuce,salt,chips,soda,9.54
turkey,brioche,mayo,turkey,mustard,tomato,pepper,salad,soda,6.76
turkey,brioche,mayo,turkey,mayo,cheese,salt,salad,water,14.58
chicken,brioche,mayo,chicken,mustard,cheese,salt,salad,soda,13.92
turkey,brioche,tomato,chicken,mayo,lettuce,pepper,salad,soda,12.87
chicken,brioche,mayo,chicken,mayo,lettuce,salt,salad,soda,5.56
chicken,brioche,mustard,chicken,mustard,lettuce,salt,chips,water,9.31
turkey,brioche,cheese,beef,mustard,tomato,pepper,chips,water,13.1
chicken,brioche,cheese,chicken,mayo,tomato,salt,salad,soda,5.65
turkey,brioche,mayo,turkey,mustard,lettuce,pepper,chips,soda,12.3
turkey,brioche,mustard,chicken,mayo,lettuce,pepper,salad,soda,7.71
turkey,brioche,mustard,beef,mustard,lettuce,pepper,salad,water,5.12
turkey,brioche,mustard,chicken,mayo,tomato,salt,chips,soda,7.96
chicken,brioche,tomato,chicken,mayo,cheese,salt,chips,water,7.19
turkey,brioche,tomato,turkey,mustard,tomato,pepper,salad,water,7.63
turkey,brioche,lettuce,chicken,mayo,tomato,salt,salad,water,14.42
chicken,brioche,cheese,turkey,mustard,tomato,pepper,salad,soda,9.62
turkey,brioche,lettuce,chicken,mustard,tomato,pepper,chips,soda,12.12
turkey,brioche,cheese,beef,mayo,tomato,pepper,chips,water,10.1
turkey,brioche,cheese,turkey,mustard,tomato,salt,chips,water,10.43
turkey,brioche,mayo,turkey,mustard,lettuce,pepper,salad,soda,7.96
chicken,brioche,mustard,turkey,mustard,tomato,salt,salad,water,5.9
turkey,brioche,tomato,turkey,mayo,tomato,pepper,salad,water,13.55
turkey,brioche,lettuce,turkey,mayo,cheese,pepper,salad,water,13.84
chicken,brioche,tomato,chicken,mayo,lettuce,pepper,salad,water,9.98
chicken,brioche,mayo,chicken,mayo,cheese,salt,chips,water,10.77
chicken,brioche,lettuce,turkey,mayo,cheese,salt,chips,soda,8.66
chicken,brioche,mayo,chicken,mayo,cheese,pepper,chips,water,9.77
chicken,brioche,cheese,chicken,mustard,tomato,pepper,salad,soda,9.42
turkey,brioche,tomato,turkey,mustard,tomato,salt,salad,soda,13.34
chicken,brioche,tomato,beef,mustard,lettuce,salt,salad,water,13.97
chicken,brioche,mustard,chicken,mayo,tomato,pepper,salad,soda,10.61
chicken,brioche,mustard,beef,mustard,lettuce,salt,chips,water,10.5
turkey,brioche,cheese,chicken,mayo,cheese,pepper,salad,soda,11.29
chicken,brioche,mayo,beef,mayo,tomato,pepper,salad,soda,6.71
turkey,brioche,mustard,chicken,mustard,lettuce,pepper,salad,soda,11.13
chicken,brioche,cheese,turkey,mustard,cheese,salt,chips,soda,9.98
turkey,brioche,cheese,beef,mayo,tomato,pepper,chips,soda,9.94
chicken,brioche,mayo,turkey,mayo,tomato,salt,salad,soda,14.65
chicken,brioche,lettuce,beef,mustard,cheese,salt,chips,water,7.1
turkey,brioche,lettuce,beef,mustard,cheese,pepper,chips,water,9.67
chicken,brioche,mustard,chicken,mayo,cheese,pepper,salad,soda,14.82
chicken,brioche,lettuce,chicken,mustard,cheese,salt,salad,soda,5.91
chicken,brioche,mustard,beef,mayo,cheese,pepper,chips,soda,8.26
chicken,brioche,mustard,beef,mustard,lettuce,salt,salad,water,12.99
chicken,brioche,lettuce,turkey,mustard,cheese,pepper,chips,soda,6.8
turkey,brioche,mayo,chicken,mustard,lettuce,salt,chips,soda,12.83
chicken,brioche,mustard,chicken,mayo,lettuce,pepper,salad,water,11.78
turkey,brioche,cheese,turkey,mustard,cheese,pepper,chips,water,14.58
turkey,brioche,tomato,turkey,mustard,tomato,pepper,chips,water,8.5
chicken,brioche,tomato,chicken,mustard,lettuce,salt,salad,soda,14.96
chicken,brioche,mayo,turkey,mustard,tomato,salt,salad,soda,9.31
turkey,brioche,mustard,turkey,mayo,tomato,salt,chips,soda,6.25
turkey,brioche,cheese,beef,mustard,cheese,salt,salad,soda,6.64
chicken,brioche,mustard,beef,mayo,tomato,pepper,chips,soda,9.8
chicken,brioche,cheese,turkey,mayo,lettuce,salt,chips,soda,7.69
chicken,brioche,tomato,beef,mustard,cheese,salt,salad,water,5.78
turkey,brioche,lettuce,chicken,mayo,lettuce,salt,salad,water,12.67
turkey,brioche,lettuce,beef,mustard,tomato,pepper,salad,water,14.03
turkey,brioche,mayo,beef,mayo,cheese,pepper,salad,water,9.4
chicken,brioche,cheese,chicken,mayo,lettuce,salt,salad,water,14.05
turkey,brioche,cheese,chicken,mustard,cheese,salt,chips,soda,6.26
turkey,brioche,mayo,turkey,mustard,lettuce,pepper,chips,water,9.84
chicken,brioche,tomato,chicken,mustard,cheese,salt,salad,soda,9.13
chicken,brioche,lettuce,turkey,mustard,lettuce,salt,salad,soda,12.21
turkey,brioche,tomato,beef,mayo,lettuce,pepper,salad,soda,7.62
turkey,brioche,mustard,turkey,mustard,lettuce,pepper,salad,soda,6.72
chicken,brioche,mustard,chicken,mayo,cheese,pepper,chips,soda,8.9
chicken,brioche,mayo,chicken,mayo,lettuce,salt,chips,water,8.71
turkey,brioche,lettuce,chicken,mustard,lettuce,salt,chips,soda,14.81
chicken,brioche,cheese,turkey,mustard,lettuce,pepper,salad,water,9.28
turkey,brioche,lettuce,turkey,mayo,tomato,pepper,chips,water,13.69
chicken,brioche,mustard,beef,mayo,tomato,pepper,salad,soda,5.52
turkey,brioche,mayo,beef,mayo,tomato,pepper,chips,water,8.51
turkey,brioche,mayo,chicken,mayo,tomato,pepper,chips,soda,8.5
chicken,brioche,cheese,turkey,mayo,tomato,pepper,salad,water,10.64
turkey,brioche,mustard,beef,mustard,tomato,salt,chips,soda,11.0
chicken,brioche,mayo,beef,mayo,lettuce,pepper,salad,soda,7.24
turkey,brioche,mayo,turkey,mayo,lettuce,pepper,salad,water,9.09
turkey,brioche,cheese,chicken,mayo,cheese,pepper,chips,soda,11.47
turkey,brioche,mayo,beef,mayo,lettuce,salt,chips,water,10.04
turkey,brioche,mayo,beef,mayo,lettuce,pepper,chips,soda,6.89
turkey,brioche,mustard,chicken,mustard,cheese,pepper,salad,soda,5.87
chicken,brioche,mustard,chicken,mustard,lettuce,pepper,salad,water,6.29
turkey,brioche,lettuce,beef,mayo,cheese,salt,chips,soda,7.84
turkey,brioche,lettuce,turkey,mustard,lettuce,pepper,chips,water,6.57
turkey,brioche,cheese,chicken,mayo,cheese,salt,salad,soda,12.94
turkey,brioche,mustard,beef,mustard,cheese,pepper,salad,soda,6.69
chicken,brioche,cheese,chicken,mustard,cheese,salt,salad,soda,10.29
chicken,brioche,mustard,beef,mustard,lettuce,salt,chips,water,11.91
chicken,brioche,cheese,chicken,mayo,cheese,salt,chips,water,10.48
chicken,brioche,cheese,turkey,mustard,cheese,salt,chips,soda,6.84
chicken,brioche,mayo,turkey,mayo,cheese,salt,chips,soda,6.02
turkey,brioche,tomato,chicken,mustard,tomato,pepper,salad,soda,12.97
turkey,brioche,mustard,beef,mustard,cheese,pepper,salad,soda,10.57
turkey,brioche,cheese,turkey,mustard,lettuce,salt,salad,soda,8.96
chicken,brioche,mayo,chicken,mayo,lettuce,salt,chips,soda,7.56
turkey,brioche,mustard,beef,mustard,cheese,salt,chips,soda,6.45
turkey,brioche,lettuce,turkey,mayo,tomato,salt,chips,soda,10.4
chicken,brioche,tomato,chicken,mayo,lettuce,pepper,salad,soda,8.76
turkey,brioche,lettuce,chicken,mayo,tomato,salt,salad,water,12.96
chicken,brioche,lettuce,beef,mustard,lettuce,salt,salad,water,5.69
turkey,brioche,lettuce,beef,mayo,lettuce,salt,salad,soda,14.0
chicken,brioche,mayo,turkey,mayo,cheese,salt,salad,soda,11.35
chicken,brioche,mustard,turkey,mustard,lettuce,salt,salad,soda,5.55
chicken,brioche,cheese,chicken,mayo,tomato,salt,chips,soda,6.28
chicken,brioche,mayo,turkey,mustard,tomato,salt,salad,soda,6.55
chicken,brioche,lettuce,chicken,mustard,lettuce,pepper,chips,soda,7.06
chicken,brioche,lettuce,beef,mayo,tomato,salt,salad,soda,7.53
chicken,brioche,mustard,turkey,mayo,cheese,pepper,chips,soda,14.43
turkey,brioche,tomato,beef,mustard,lettuce,salt,chips,soda,7.18
chicken,brioche,mustard,beef,mustard,lettuce,pepper,chips,water,7.17
chicken,brioche,tomato,turkey,mustard,tomato,pepper,salad,soda,13.86
chicken,brioche,lettuce,chicken,mustard,tomato,salt,salad,water,8.0
turkey,brioche,mayo,beef,mayo,lettuce,pepper,chips,soda,11.35
chicken,brioche,tomato,chicken,mayo,tomato,salt,salad,soda,5.43
chicken,brioche,mayo,turkey,mayo,lettuce,pepper,salad,water,8.38
chicken,brioche,cheese,turkey,mustard,lettuce,pepper,chips,soda,10.27
turkey,brioche,mayo,beef,mayo,lettuce,salt,salad,soda,8.16
turkey,brioche,tomato,chicken,mustard,cheese,salt,salad,soda,9.48
chicken,brioche,cheese,turkey,mustard,tomato,pepper,salad,water,14.58
turkey,brioche,lettuce,turkey,mustard,lettuce,salt,chips,soda,11.72
chicken,brioche,mayo,beef,mayo,lettuce,pepper,salad,soda,12.88
turkey,brioche,cheese,beef,mustard,tomato,salt,chips,soda,6.08
turkey,brioche,mustard,chicken,mayo,lettuce,salt,chips,soda,9.97
turkey,brioche,tomato,turkey,mustard,tomato,salt,chips,soda,13.95
turkey,brioche,mayo,turkey,mayo,tomato,salt,salad,water,7.46
turkey,brioche,mustard,beef,mayo,lettuce,salt,chips,soda,11.06
turkey,brioche,tomato,chicken,mayo,cheese,salt,chips,soda,13.07
chicken,brioche,lettuce,beef,mustard,tomato,pepper,chips,soda,6.43
turkey,brioche,mustard,chicken,mustard,cheese,salt,chips,water,8.38
chicken,brioche,cheese,turkey,mayo,lettuce,salt,salad,soda,5.11
chicken,brioche,lettuce,beef,mustard,tomato,pepper,chips,soda,14.0
chicken,brioche,lettuce,turkey,mustard,tomato,pepper,salad,soda,10.36
turkey,brioche,tomato,turkey,mustard,lettuce,salt,chips,water,13.82
chicken,brioche,cheese,beef,mayo,tomato,salt,chips,soda,9.3
turkey,brioche,cheese,beef,mayo,cheese,pepper,salad,water,8.49
chicken,brioche,lettuce,chicken,mustard,lettuce,salt,chips,water,7.21
turkey,brioche,mustard,turkey,mustard,lettuce,pepper,salad,soda,13.35
chicken,brioche,tomato,turkey,mustard,cheese,salt,salad,water,11.83
chicken,brioche,mustard,beef,mayo,tomato,pepper,chips,soda,5.21
chicken,brioche,tomato,beef,mustard,lettuce,pepper,chips,soda,7.03
turkey,brioche,cheese,chicken,mustard,tomato,pepper,salad,water,11.89
chicken,brioche,mayo,beef,mustard,lettuce,pepper,salad,soda,7.27
turkey,brioche,tomato,beef,mayo,tomato,salt,salad,water,7.19
turkey,brioche,tomato,chicken,mustard,cheese,pepper,chips,soda,9.77
turkey,brioche,cheese,turkey,mustard,cheese,salt,chips,water,12.57
chicken,brioche,tomato,chicken,mustard,lettuce,salt,chips,soda,13.95
chicken,brioche,cheese,beef,mayo,tomato,salt,salad,water,5.56
turkey,brioche,cheese,chicken,mayo,cheese,pepper,salad,soda,5.29
chicken,brioche,mustard,chicken,mayo,cheese,salt,chips,water,9.75
turkey,brioche,mayo,beef,mustard,tomato,pepper,chips,water,13.76
chicken,brioche,lettuce,chicken,mustard,tomato,pepper,chips,water,10.47
turkey,brioche,mayo,beef,mustard,tomato,pepper,salad,water,12.7
chicken,brioche,cheese,chicken,mayo,lettuce,salt,salad,water,8.38
turkey,brioche,mustard,beef,mustard,cheese,salt,chips,soda,11.25
turkey,brioche,mayo,beef,mustard,lettuce,pepper,chips,water,13.21
chicken,brioche,tomato,turkey,mayo,tomato,salt,chips,water,10.96
turkey,brioche,mayo,turkey,mayo,cheese,salt,chips,soda,13.1
turkey,brioche,lettuce,beef,mayo,lettuce,salt,chips,soda,14.57
turkey,brioche,lettuce,beef,mayo,tomato,pepper,salad,soda,7.68
chicken,brioche,mayo,turkey,mayo,lettuce,pepper,chips,soda,8.83
turkey,brioche,lettuce,chicken,mustard,cheese,pepper,chips,water,12.88
turkey,brioche,mayo,chicken,mustard,lettuce,pepper,salad,soda,10.98
chicken,brioche,cheese,beef,mayo,lettuce,salt,salad,soda,9.3
turkey,brioche,cheese,beef,mustard,lettuce,pepper,salad,water,9.9
turkey,brioche,mustard,turkey,mayo,cheese,pepper,chips,water,13.75
turkey,brioche,tomato,chicken,mayo,tomato,pepper,salad,soda,10.18
turkey,brioche,mayo,beef,mayo,cheese,pepper,chips,water,11.17
turkey,brioche,mustard,turkey,mustard,tomato,salt,chips,soda,8.0
chicken,brioche,lettuce,chicken,mayo,cheese,salt,salad,soda,8.34
chicken,brioche,mayo,chicken,mayo,tomato,pepper,salad,soda,6.13
turkey,brioche,mayo,turkey,mustard,tomato,pepper,chips,soda,5.84
turkey,brioche,cheese,beef,mayo,tomato,pepper,salad,soda,9.44
turkey,brioche,tomato,turkey,mayo,tomato,pepper,chips,soda,7.0
turkey,brioche,lettuce,chicken,mayo,lettuce,pepper,chips,soda,12.03
chicken,brioche,mayo,beef,mayo,lettuce,pepper,salad,soda,12.37
chicken,brioche,mustard,turkey,mustard,lettuce,pepper,chips,water,10.86
turkey,brioche,mayo,chicken,mayo,tomato,salt,salad,water,13.39
turkey,brioche,mayo,chicken,mustard,cheese,pepper,chips,water,9.85
turkey,brioche,lettuce,turkey,mustard,lettuce,salt,salad,water,10.51
chicken,brioche,lettuce,beef,mustard,tomato,pepper,salad,soda,13.08
turkey,brioche,tomato,beef,mustard,lettuce,pepper,salad,soda,5.31
turkey,brioche,mayo,chicken,mustard,tomato,salt,salad,water,12.06
chicken,brioche,tomato,chicken,mayo,tomato,salt,salad,soda,13.46
chicken,brioche,tomato,beef,mustard,cheese,pepper,chips,soda,14.71
turkey,brioche,cheese,beef,mayo,tomato,pepper,salad,soda,9.93
turkey,brioche,mustard,beef,mustard,tomato,pepper,salad,soda,11.4
turkey,brioche,lettuce,turkey,mayo,cheese,pepper,salad,water,6.1
turkey,brioche,cheese,turkey,mustard,cheese,salt,salad,water,6.15
chicken,brioche,cheese,chicken,mustard,cheese,pepper,salad,water,8.66
turkey,brioche,mustard,turkey,mayo,cheese,pepper,salad,soda,8.19
turkey,brioche,cheese,turkey,mustard,lettuce,salt,salad,water,10.5
chicken,brioche,lettuce,beef,mustard,tomato,salt,salad,soda,9.0
turkey,brioche,mayo,beef,mustard,cheese,salt,salad,soda,12.36
turkey,brioche,tomato,beef,mayo,lettuce,pepper,chips,water,9.8
chicken,brioche,cheese,chicken,mustard,tomato,salt,salad,water,8.38
chicken,brioche,lettuce,chicken,mustard,lettuce,salt,salad,water,5.89
turkey,brioche,cheese,chicken,mayo,tomato,pepper,chips,water,9.82
turkey,brioche,mustard,chicken,mayo,lettuce,salt,chips,soda,11.37
chicken,brioche,mustard,beef,mayo,lettuce,pepper,chips,soda,9.45
chicken,brioche,mustard,chicken,mayo,lettuce,salt,chips,soda,10.24
turkey,brioche,cheese,turkey,mustard,lettuce,pepper,salad,soda,10.6
chicken,brioche,cheese,chicken,mayo,tomato,pepper,salad,water,5.83
chicken,brioche,lettuce,turkey,mayo,lettuce,pepper,salad,water,14.06
chicken,brioche,cheese,turkey,mustard,tomato,salt,salad,water,7.67
turkey,brioche,mayo,beef,mayo,cheese,salt,salad,soda,5.95
turkey,brioche,mustard,turkey,mayo,tomato,pepper,chips,water,5.03
chicken,brioche,tomato,beef,mustard,lettuce,pepper,salad,soda,7.96
chicken,brioche,mayo,beef,mustard,lettuce,pepper,chips,water,14.86
chicken,brioche,mustard,chicken,mayo,cheese,salt,chips,soda,12.47
turkey,brioche,mustard,turkey,mustard,lettuce,salt,chips,soda,13.77
chicken,brioche,tomato,turkey,mustard,lettuce,salt,chips,soda,7.41
chicken,brioche,cheese,beef,mayo,lettuce,pepper,salad,water,8.28
turkey,brioche,tomato,beef,mayo,tomato,salt,salad,soda,5.54
chicken,brioche,cheese,beef,mayo,tomato,pepper,chips,soda,8.28
turkey,brioche,lettuce,beef,mayo,cheese,salt,salad,soda,8.78
turkey,brioche,mustard,beef,mayo,cheese,salt,salad,water,12.25
turkey,brioche,tomato,turkey,mustard,tomato,salt,chips,water,7.37
chicken,brioche,mustard,beef,mayo,lettuce,salt,chips,water,5.99
chicken,brioche,mayo,turkey,mustard,tomato,pepper,salad,water,9.59
turkey,brioche,tomato,turkey,mustard,cheese,salt,chips,water,9.12
chicken,brioche,lettuce,turkey,mustard,tomato,salt,salad,water,14.89
turkey,brioche,mustard,beef,mustard,cheese,pepper,chips,water,14.58
chicken,brioche,mustard,chicken,mayo,cheese,salt,salad,soda,11.58
turkey,brioche,tomato,turkey,mustard,cheese,pepper,chips,water,14.44
chicken,brioche,mayo,beef,mayo,tomato,pepper,salad,water,12.44
turkey,brioche,mustard,turkey,mustard,cheese,pepper,salad,water,11.25
chicken,brioche,mustard,beef,mustard,lettuce,pepper,salad,soda,13.37
turkey,brioche,cheese,beef,mayo,lettuce,pepper,salad,soda,10.91
chicken,brioche,mustard,turkey,mayo,cheese,pepper,salad,soda,10.77
chicken,brioche,mustard,chicken,mustard,tomato,pepper,chips,water,7.5
chicken,brioche,lettuce,turkey,mayo,cheese,pepper,chips,soda,14.59
turkey,brioche,lettuce,turkey,mayo,cheese,pepper,salad,water,5.68
chicken,brioche,cheese,turkey,mayo,tomato,pepper,chips,soda,10.08
turkey,brioche,mustard,turkey,mayo,tomato,salt,chips,soda,6.35
chicken,brioche,tomato,turkey,mustard,tomato,salt,salad,water,9.67
turkey,brioche,tomato,beef,mayo,cheese,salt,salad,water,12.1
chicken,brioche,mustard,beef,mustard,cheese,pepper,chips,water,6.67
chicken,brioche,lettuce,beef,mayo,cheese,salt,chips,soda,8.47
turkey,brioche,lettuce,beef,mayo,cheese,pepper,chips,water,6.44
turkey,brioche,mayo,chicken,mayo,tomato,pepper,salad,soda,9.16
turkey,brioche,cheese,turkey,mustard,lettuce,pepper,salad,water,14.47
chicken,brioche,tomato,beef,mayo,tomato,pepper,chips,water,12.43
turkey,brioche,lettuce,beef,mustard,tomato,pepper,salad,water,7.26
turkey,brioche,mayo,beef,mayo,cheese,salt,chips,soda,13.15
chicken,brioche,lettuce,beef,mustard,lettuce,salt,salad,water,10.56
turkey,brioche,cheese,beef,mustard,tomato,salt,chips,water,6.59
chicken,brioche,tomato,chicken,mayo,tomato,salt,chips,water,13.91
turkey,brioche,mayo,beef,mayo,tomato,salt,salad,water,7.4
chicken,brioche,cheese,beef,mustard,tomato,salt,salad,soda,11.32
turkey,brioche,lettuce,turkey,mustard,cheese,pepper,chips,soda,5.37
turkey,brioche,tomato,chicken,mayo,tomato,salt,salad,water,10.84
chicken,brioche,mayo,turkey,mayo,cheese,pepper,chips,soda,9.1
turkey,brioche,mayo,turkey,mustard,tomato,pepper,salad,water,5.83
turkey,brioche,mayo,turkey,mustard,cheese,pepper,salad,soda,14.16
turkey,brioche,lettuce,turkey,mustard,cheese,pepper,salad,soda,11.67
turkey,brioche,lettuce,chicken,mayo,tomato,salt,chips,soda,7.7
chicken,brioche,cheese,beef,mayo,cheese,salt,salad,water,13.86
chicken,brioche,cheese,chicken,mayo,lettuce,pepper,chips,soda,9.56
chicken,brioche,tomato,chicken,mustard,lettuce,pepper,chips,soda,8.71
chicken,brioche,mayo,beef,mayo,cheese,salt,chips,soda,10.11
turkey,brioche,lettuce,chicken,mayo,lettuce,salt,chips,water,12.41
turkey,brioche,tomato,turkey,mayo,cheese,salt,salad,soda,9.57
turkey,brioche,tomato,turkey,mayo,lettuce,pepper,salad,soda,12.58
chicken,brioche,mayo,chicken,mayo,cheese,pepper,salad,soda,12.43
chicken,brioche,lettuce,chicken,mayo,lettuce,pepper,salad,soda,12.43
turkey,brioche,lettuce,chicken,mayo,lettuce,salt,salad,soda,7.69
turkey,brioche,mayo,turkey,mayo,cheese,pepper,chips,soda,13.45
turkey,brioche,tomato,chicken,mayo,lettuce,pepper,chips,soda,10.2
turkey,brioche,mustard,turkey,mayo,lettuce,salt,chips,soda,13.0
chicken,brioche,mustard,beef,mustard,cheese,salt,salad,water,8.73
chicken,brioche,lettuce,chicken,mayo,lettuce,salt,chips,water,7.27
chicken,brioche,lettuce,chicken,mustard,tomato,salt,salad,water,12.66
turkey,brioche,lettuce,beef,mustard,lettuce,pepper,salad,water,5.16
turkey,brioche,mustard,chicken,mustard,cheese,pepper,chips,water,6.02
turkey,brioche,mustard,beef,mayo,cheese,pepper,salad,soda,11.98
turkey,brioche,mustard,beef,mayo,cheese,pepper,salad,water,11.58
chicken,brioche,mustard,turkey,mayo,tomato,salt,salad,water,12.81
chicken,brioche,cheese,turkey,mustard,tomato,salt,salad,water,5.77
chicken,brioche,lettuce,chicken,mustard,cheese,salt,chips,water,13.19
chicken,brioche,mayo,chicken,mustard,tomato,salt,salad,soda,7.99
chicken,brioche,mayo,chicken,mustard,cheese,pepper,chips,water,14.86
turkey,brioche,lettuce,chicken,mustard,tomato,pepper,chips,soda,14.11
chicken,brioche,mayo,beef,mustard,cheese,pepper,chips,water,13.48
turkey,brioche,mayo,chicken,mayo,lettuce,salt,chips,soda,6.55
turkey,brioche,mustard,chicken,mayo,cheese,salt,chips,soda,12.84
turkey,brioche,tomato,beef,mustard,lettuce,salt,chips,water,9.07
chicken,brioche,mayo,beef,mayo,cheese,pepper,chips,water,6.08
chicken,brioche,tomato,turkey,mayo,cheese,salt,salad,soda,14.7
chicken,brioche,lettuce,chicken,mayo,lettuce,salt,chips,water,9.09
turkey,brioche,mustard,beef,mayo,cheese,salt,chips,water,5.3
chicken,brioche,lettuce,chicken,mayo,tomato,pepper,salad,water,9.35
chicken,brioche,mustard,beef,mayo,lettuce,pepper,salad,soda,13.97
turkey,brioche,mayo,turkey,mustard,cheese,pepper,chips,water,6.25
chicken,brioche,mustard,turkey,mustard,tomato,salt,chips,soda,14.62
chicken,brioche,mayo,turkey,mayo,cheese,pepper,salad,soda,7.38
turkey,brioche,tomato,chicken,mustard,cheese,salt,chips,water,14.62
turkey,brioche,mustard,beef,mayo,lettuce,pepper,salad,soda,12.61
chicken,brioche,cheese,chicken,mustard,tomato,pepper,salad,water,14.73
chicken,brioche,mayo,beef,mayo,cheese,salt,salad,soda,13.84
turkey,brioche,lettuce,beef,mayo,lettuce,salt,salad,water,5.59
turkey,brioche,tomato,chicken,mustard,lettuce,salt,salad,water,7.56
chicken,brioche,tomato,beef,mustard,lettuce,pepper,salad,soda,5.45
turkey,brioche,lettuce,turkey,mayo,cheese,salt,salad,soda,9.56
chicken,brioche,mayo,turkey,mustard,tomato,pepper,salad,soda,9.85
turkey,brioche,mayo,turkey,mustard,lettuce,pepper,salad,water,11.7
turkey,brioche,mayo,turkey,mayo,cheese,pepper,chips,water,11.49
turkey,brioche,cheese,chicken,mayo,cheese,salt,salad,soda,9.58
turkey,brioche,cheese,turkey,mustard,cheese,pepper,salad,soda,14.12
chicken,brioche,tomato,beef,mustard,cheese,pepper,chips,water,11.49
chicken,brioche,mustard,chicken,mustard,cheese,pepper,chips,soda,14.2
turkey,brioche,cheese,beef,mayo,cheese,pepper,chips,soda,14.03
chicken,brioche,lettuce,beef,mayo,cheese,pepper,chips,water,13.38
chicken,brioche,lettuce,chicken,mustard,lettuce,pepper,salad,soda,14.8
chicken,brioche,lettuce,chicken,mayo,cheese,salt,salad,water,9.76
turkey,brioche,lettuce,chicken,mustard,tomato,pepper,salad,soda,5.15
turkey,brioche,lettuce,beef,mustard,lettuce,pepper,chips,water,11.46
turkey,brioche,mustard,chicken,mayo,cheese,salt,chips,soda,9.64
chicken,brioche,cheese,chicken,mayo,tomato,salt,salad,water,11.98
turkey,brioche,cheese,turkey,mustard,lettuce,salt,chips,soda,13.16
turkey,brioche,cheese,beef,mayo,tomato,pepper,salad,soda,8.42
chicken,brioche,mayo,beef,mustard,lettuce,pepper,chips,water,14.76
chicken,brioche,cheese,chicken,mayo,cheese,salt,chips,water,10.97
chicken,brioche,cheese,chicken,mustard,lettuce,pepper,salad,soda,14.92
chicken,brioche,cheese,chicken,mustard,tomato,salt,salad,water,14.19
chicken,brioche,mustard,turkey,mayo,tomato,pepper,chips,water,9.71
turkey,brioche,tomato,chicken,mayo,tomato,pepper,chips,soda,9.75
turkey,brioche,cheese,turkey,mayo,tomato,salt,salad,water,14.11
turkey,brioche,mustard,chicken,mayo,cheese,salt,salad,water,12.26
chicken,brioche,mustard,beef,mustard,tomato,salt,salad,soda,12.68
chicken,brioche,tomato,chicken,mayo,lettuce,pepper,salad,soda,6.85
turkey,brioche,mustard,turkey,mayo,cheese,pepper,salad,water,12.41
turkey,brioche,tomato,beef,mustard,tomato,pepper,salad,water,14.9
turkey,brioche,cheese,turkey,mustard,lettuce,salt,chips,water,11.08
turkey,brioche,cheese,chicken,mayo,lettuce,salt,salad,soda,9.11
chicken,brioche,tomato,chicken,mustard,cheese,pepper,salad,water,6.67
turkey,brioche,mayo,beef,mayo,tomato,salt,chips,water,12.31
turkey,brioche,mustard,chicken,mayo,cheese,salt,salad,soda,7.19
turkey,brioche,lettuce,turkey,mustard,cheese,salt,chips,water,7.9
chicken,brioche,mustard,chicken,mayo,tomato,pepper,salad,soda,14.52
chicken,brioche,lettuce,beef,mayo,cheese,pepper,salad,soda,7.83
turkey,brioche,lettuce,beef,mustard,lettuce,salt,salad,water,7.76
turkey,brioche,mustard,beef,mustard,tomato,pepper,salad,soda,10.22
chicken,brioche,tomato,turkey,mayo,tomato,pepper,salad,soda,8.61
turkey,brioche,cheese,chicken,mustard,tomato,salt,chips,water,5.05
turkey,brioche,mayo,chicken,mayo,lettuce,pepper,chips,soda,11.67
chicken,brioche,cheese,chicken,mayo,tomato,pepper,chips,water,8.06
turkey,brioche,cheese,turkey,mustard,lettuce,pepper,chips,water,7.62
chicken,brioche,mustard,beef,mustard,cheese,salt,salad,soda,9.43
chicken,brioche,cheese,chicken,mayo,cheese,pepper,chips,water,8.15
turkey,brioche,lettuce,turkey,mustard,cheese,salt,salad,soda,6.14
chicken,brioche,lettuce,beef,mustard,tomato,salt,salad,water,6.24
turkey,brioche,mustard,beef,mustard,tomato,pepper,chips,water,13.56
turkey,brioche,mayo,turkey,mustard,lettuce,salt,chips,soda,5.81
chicken,brioche,mustard,beef,mustard,tomato,pepper,salad,water,9.34
turkey,brioche,mayo,chicken,mayo,cheese,pepper,chips,soda,5.39
turkey,brioche,cheese,beef,mustard,tomato,salt,chips,water,11.51
chicken,brioche,tomato,chicken,mayo,tomato,salt,salad,water,10.67
chicken,brioche,tomato,beef,mustard,tomato,salt,chips,water,5.49
chicken,brioche,tomato,beef,mustard,lettuce,salt,salad,soda,7.68
chicken,brioche,mayo,chicken,mustard,cheese,pepper,chips,soda,6.24
chicken,brioche,mayo,chicken,mayo,tomato,pepper,chips,soda,9.89
turkey,brioche,tomato,turkey,mayo,tomato,salt,chips,soda,11.41
chicken,brioche,lettuce,chicken,mayo,cheese,pepper,chips,water,11.67
chicken,brioche,tomato,turkey,mayo,cheese,pepper,chips,soda,5.66
turkey,brioche,cheese,turkey,mustard,tomato,salt,chips,water,12.94
chicken,brioche,mustard,beef,mayo,cheese,pepper,salad,soda,8.57
chicken,brioche,lettuce,chicken,mustard,cheese,salt,chips,soda,10.73
chicken,brioche,tomato,beef,mayo,tomato,salt,salad,soda,5.43
turkey,brioche,mustard,beef,mustard,cheese,salt,chips,water,12.69
chicken,brioche,lettuce,chicken,mayo,lettuce,pepper,chips,water,14.03
chicken,brioche,mustard,beef,mustard,cheese,salt,salad,water,7.78
turkey,brioche,mayo,chicken,mustard,lettuce,pepper,chips,water,8.08
chicken,brioche,cheese,beef,mustard,tomato,pepper,salad,soda,7.92
chicken,brioche,mustard,chicken,mayo,cheese,pepper,salad,water,6.8
chicken,brioche,mustard,turkey,mustard,lettuce,salt,chips,water,14.71
turkey,brioche,tomato,turkey,mustard,cheese,pepper,salad,soda,10.06
chicken,brioche,lettuce,beef,mayo,cheese,salt,chips,water,13.9
turkey,brioche,mayo,turkey,mayo,tomato,pepper,salad,water,7.51
turkey,brioche,cheese,chicken,mayo,cheese,pepper,chips,soda,12.48
turkey,brioche,cheese,chicken,mustard,cheese,pepper,salad,soda,5.99
turkey,brioche,mustard,turkey,mustard,lettuce,salt,salad,water,10.57
chicken,brioche,mayo,beef,mayo,lettuce,pepper,chips,water,6.29
chicken,brioche,mustard,beef,mayo,tomato,pepper,salad,soda,5.63
turkey,brioche,lettuce,chicken,mayo,cheese,salt,salad,water,7.55
turkey,brioche,mayo,chicken,mayo,cheese,salt,salad,water,5.29
turkey,brioche,mayo,beef,mustard,tomato,salt,chips,soda,6.73
turkey,brioche,tomato,turkey,mustard,tomato,pepper,salad,water,7.57
turkey,brioche,mustard,turkey,mayo,cheese,pepper,salad,water,13.32
chicken,brioche,mayo,chicken,mustard,cheese,salt,salad,soda,9.64
turkey,brioche,mustard,chicken,mustard,lettuce,salt,salad,water,13.1
turkey,brioche,tomato,chicken,mayo,cheese,pepper,chips,water,7.74
turkey,brioche,tomato,chicken,mayo,tomato,pepper,chips,water,9.34
turkey,brioche,tomato,turkey,mayo,tomato,salt,salad,water,8.07
chicken,brioche,lettuce,beef,mayo,cheese,pepper,chips,water,12.6
turkey,brioche,cheese,chicken,mustard,lettuce,pepper,chips,water,8.66
chicken,brioche,cheese,turkey,mustard,lettuce,salt,salad,soda,14.05
turkey,brioche,tomato,turkey,mustard,tomato,salt,chips,water,13.34
turkey,brioche,tomato,beef,mayo,lettuce,pepper,chips,water,9.67
chicken,brioche,tomato,beef,mayo,cheese,pepper,chips,soda,6.7
chicken,brioche,tomato,beef,mustard,tomato,pepper,salad,water,11.99
turkey,brioche,mayo,beef,mustard,cheese,salt,salad,water,14.22
chicken,brioche,tomato,turkey,mayo,tomato,salt,salad,water,11.15
chicken,brioche,cheese,beef,mayo,cheese,pepper,chips,soda,8.12
chicken,brioche,lettuce,chicken,mustard,cheese,salt,salad,water,5.46
turkey,brioche,tomato,beef,mustard,lettuce,pepper,salad,water,12.23
chicken,brioche,mayo,beef,mayo,tomato,pepper,salad,soda,5.01
turkey,brioche,mayo,beef,mustard,lettuce,pepper,chips,water,9.89
turkey,brioche,mustard,turkey,mustard,tomato,salt,chips,soda,11.58
turkey,brioche,cheese,beef,mayo,lettuce,salt,chips,water,14.14
chicken,brioche,mustard,chicken,mustard,tomato,pepper,chips,water,13.43
chicken,brioche,cheese,turkey,mayo,cheese,salt,salad,soda,7.24
chicken,brioche,lettuce,chicken,mayo,cheese,salt,salad,soda,5.9
chicken,brioche,tomato,turkey,mustard,tomato,pepper,chips,water,13.41
chicken,brioche,mustard,chicken,mayo,lettuce,salt,chips,water,7.87
chicken,brioche,mustard,beef,mustard,cheese,pepper,chips,soda,12.25
chicken,brioche,cheese,chicken,mayo,cheese,salt,chips,soda,14.35
turkey,brioche,mayo,beef,mustard,cheese,salt,salad,soda,13.27
chicken,brioche,tomato,beef,mustard,cheese,salt,chips,soda,7.32
chicken,brioche,cheese,turkey,mustard,cheese,salt,salad,soda,6.29
chicken,brioche,lettuce,turkey,mustard,lettuce,pepper,salad,water,13.16
turkey,brioche,mayo,turkey,mustard,cheese,salt,salad,water,10.29
chicken,brioche,mayo,turkey,mustard,tomato,salt,chips,soda,10.71
chicken,brioche,tomato,chicken,mustard,lettuce,salt,salad,soda,14.16
chicken,brioche,mustard,turkey,mustard,cheese,salt,salad,soda,10.87
turkey,brioche,mayo,beef,mustard,tomato,pepper,chips,soda,11.69
chicken,brioche,cheese,beef,mayo,tomato,salt,chips,water,14.27
turkey,brioche,mustard,chicken,mayo,cheese,pepper,chips,water,10.79
turkey,brioche,lettuce,chicken,mustard,cheese,pepper,chips,soda,13.74
turkey,brioche,mustard,beef,mayo,cheese,pepper,chips,water,5.81
turkey,brioche,tomato,chicken,mayo,cheese,salt,chips,water,10.37
chicken,brioche,lettuce,chicken,mustard,lettuce,salt,salad,water,5.11
chicken,brioche,lettuce,beef,mustard,tomato,salt,chips,water,14.95
chicken,brioche,lettuce,turkey,mayo,lettuce,pepper,chips,water,14.72
chicken,brioche,lettuce,turkey,mayo,cheese,salt,chips,water,7.82
chicken,brioche,mustard,beef,mayo,cheese,salt,salad,water,10.23
chicken,brioche,lettuce,chicken,mustard,cheese,salt,salad,soda,11.11
turkey,brioche,cheese,beef,mustard,lettuce,pepper,chips,water,12.84
turkey,brioche,cheese,chicken,mayo,tomato,pepper,chips,water,11.76
chicken,brioche,mayo,turkey,mayo,lettuce,pepper,chips,water,12.93
chicken,brioche,mayo,chicken,mayo,tomato,pepper,chips,soda,11.32
chicken,brioche,tomato,chicken,mayo,tomato,pepper,salad,water,5.36
chicken,brioche,mustard,chicken,mayo,lettuce,salt,salad,soda,12.46
chicken,brioche,lettuce,beef,mustard,cheese,salt,salad,soda,12.34
chicken,brioche,mayo,turkey,mustard,tomato,pepper,chips,soda,7.3
chicken,brioche,mustard,beef,mayo,cheese,pepper,salad,water,11.4
chicken,brioche,tomato,beef,mustard,cheese,pepper,salad,water,5.35
chicken,brioche,mayo,turkey,mustard,tomato,salt,salad,soda,13.18
chicken,brioche,tomato,chicken,mayo,lettuce,salt,salad,water,5.87
chicken,brioche,lettuce,beef,mustard,tomato,pepper,salad,water,13.92
chicken,brioche,mayo,chicken,mayo,lettuce,pepper,salad,soda,14.49
chicken,brioche,tomato,beef,mustard,tomato,salt,salad,water,5.09
chicken,brioche,mustard,turkey,mayo,lettuce,pepper,chips,soda,13.3
chicken,brioche,cheese,turkey,mayo,cheese,salt,chips,soda,5.62
chicken,brioche,lettuce,chicken,mustard,lettuce,pepper,salad,water,10.52
chicken,brioche,mayo,beef,mustard,lettuce,pepper,chips,water,9.64
turkey,brioche,tomato,beef,mayo,cheese,salt,salad,soda,9.81
turkey,brioche,cheese,beef,mustard,tomato,salt,salad,water,12.59
turkey,brioche,lettuce,chicken,mustard,lettuce,salt,salad,water,10.49
turkey,brioche,mustard,turkey,mustard,cheese,pepper,chips,water,8.75
chicken,brioche,mustard,turkey,mustard,cheese,salt,chips,water,13.35
turkey,brioche,mustard,turkey,mayo,lettuce,pepper,chips,water,14.31
chicken,brioche,mustard,chicken,mayo,cheese,pepper,salad,soda,12.24
chicken,brioche,lettuce,turkey,mustard,cheese,pepper,salad,water,7.3
turkey,brioche,tomato,beef,mustard,cheese,salt,salad,water,8.97
turkey,brioche,tomato,turkey,mayo,lettuce,salt,chips,soda,12.49
turkey,brioche,cheese,beef,mustard,lettuce,pepper,salad,water,12.68
chicken,brioche,cheese,chicken,mayo,lettuce,salt,salad,water,8.35
chicken,brioche,mayo,turkey,mayo,cheese,pepper,chips,soda,12.34
chicken,brioche,lettuce,beef,mustard,tomato,pepper,chips,soda,13.21
chicken,brioche,lettuce,turkey,mustard,tomato,salt,salad,soda,9.71
turkey,brioche,mayo,turkey,mayo,lettuce,pepper,salad,soda,10.71
chicken,brioche,lettuce,turkey,mayo,cheese,pepper,chips,soda,10.74
chicken,brioche,tomato,chicken,mayo,lettuce,pepper,chips,water,10.94
turkey,brioche,lettuce,beef,mayo,cheese,pepper,chips,water,5.14
chicken,brioche,mayo,turkey,mayo,tomato,salt,chips,soda,13.05
turkey,brioche,tomato,beef,mayo,lettuce,pepper,chips,soda,6.01
turkey,brioche,mayo,beef,mustard,lettuce,pepper,chips,soda,8.9
chicken,brioche,cheese,chicken,mustard,cheese,salt,chips,water,8.37
turkey,brioche,mayo,beef,mayo,tomato,salt,chips,soda,12.17
chicken,brioche,lettuce,turkey,mustard,cheese,pepper,salad,soda,11.94
chicken,brioche,tomato,beef,mustard,cheese,pepper,chips,water,11.81
chicken,brioche,mustard,turkey,mustard,tomato,salt,chips,soda,8.94
turkey,brioche,cheese,beef,mayo,cheese,salt,salad,water,7.27
chicken,brioche,mayo,beef,mayo,lettuce,pepper,chips,water,5.39
turkey,brioche,mustard,beef,mustard,lettuce,salt,salad,soda,9.08
turkey,brioche,tomato,beef,mayo,tomato,pepper,salad,water,6.1
turkey,brioche,lettuce,beef,mayo,tomato,salt,chips,soda,12.96
turkey,brioche,lettuce,chicken,mustard,tomato,salt,chips,soda,9.52
chicken,brioche,tomato,turkey,mustard,cheese,salt,chips,water,12.59
turkey,brioche,mustard,chicken,mayo,tomato,salt,salad,soda,7.22
turkey,brioche,tomato,turkey,mustard,cheese,salt,chips,water,13.01
chicken,brioche,lettuce,turkey,mayo,tomato,pepper,chips,soda,13.37
chicken,brioche,mustard,turkey,mustard,cheese,salt,salad,soda,8.02
chicken,brioche,lettuce,chicken,mustard,lettuce,salt,salad,soda,9.87
turkey,brioche,tomato,chicken,mayo,lettuce,pepper,salad,water,13.14
turkey,brioche,lettuce,chicken,mustard,lettuce,salt,salad,soda,11.26
chicken,brioche,tomato,turkey,mayo,lettuce,pepper,chips,soda,5.7
chicken,brioche,mayo,chicken,mayo,lettuce,salt,salad,soda,5.85
chicken,brioche,tomato,chicken,mustard,lettuce,pepper,salad,water,12.92
turkey,brioche,mayo,turkey,mayo,cheese,salt,salad,water,5.81
chicken,brioche,mustard,turkey,mustard,lettuce,pepper,chips,soda,10.34
chicken,brioche,lettuce,chicken,mayo,cheese,pepper,salad,soda,11.44
turkey,brioche,mustard,chicken,mustard,cheese,salt,salad,soda,9.93
chicken,brioche,mayo,turkey,mayo,lettuce,pepper,salad,water,11.62
chicken,brioche,cheese,chicken,mayo,lettuce,pepper,chips,soda,8.71
turkey,brioche,mayo,turkey,mustard,lettuce,salt,salad,soda,7.38
chicken,brioche,mustard,chicken,mustard,cheese,pepper,salad,soda,10.63
chicken,brioche,mayo,chicken,mustard,tomato,pepper,chips,soda,14.2
turkey,brioche,lettuce,turkey,mustard,lettuce,salt,salad,soda,13.72
turkey,brioche,mayo,chicken,mustard,tomato,salt,salad,water,13.64
turkey,brioche,mayo,turkey,mustard,tomato,pepper,chips,soda,11.93
chicken,brioche,mayo,chicken,mustard,lettuce,salt,chips,water,7.36
chicken,brioche,cheese,turkey,mustard,cheese,salt,chips,soda,12.81
chicken,brioche,cheese,beef,mayo,tomato,pepper,salad,water,10.49
turkey,brioche,lettuce,beef,mayo,cheese,pepper,salad,soda,9.08
turkey,brioche,cheese,chicken,mustard,cheese,salt,chips,soda,10.3
turkey,brioche,tomato,chicken,mayo,tomato,salt,salad,soda,8.53
chicken,brioche,mayo,chicken,mayo,tomato,pepper,chips,soda,7.42
chicken,brioche,cheese,turkey,mayo,tomato,pepper,salad,water,11.78
turkey,brioche,tomato,turkey,mayo,lettuce,pepper,salad,soda,5.81
chicken,brioche,mustard,beef,mayo,cheese,pepper,chips,soda,13.18
turkey,brioche,mustard,beef,mayo,tomato,salt,chips,soda,9.98
chicken,brioche,mustard,chicken,mustard,tomato,pepper,chips,soda,5.44
chicken,brioche,mustard,beef,mustard,tomato,salt,salad,water,11.62
chicken,brioche,mayo,turkey,mustard,tomato,salt,chips,water,12.61
turkey,brioche,tomato,beef,mayo,tomato,pepper,salad,water,13.22
chicken,brioche,mustard,beef,mayo,lettuce,pepper,chips,water,5.58
chicken,brioche,cheese,beef,mustard,tomato,salt,salad,soda,11.07
chicken,brioche,lettuce,chicken,mustard,cheese,salt,chips,water,8.23
chicken,brioche,mayo,chicken,mustard,tomato,pepper,chips,water,14.52
chicken,brioche,cheese,beef,mayo,tomato,salt,salad,water,10.89
turkey,brioche,lettuce,beef,mayo,lettuce,pepper,chips,water,10.47
turkey,brioche,mayo,beef,mustard,tomato,salt,chips,soda,5.4
turkey,brioche,cheese,chicken,mustard,cheese,pepper,chips,soda,12.8
chicken,brioche,cheese,turkey,mayo,cheese,salt,chips,soda,13.37
turkey,brioche,tomato,chicken,mayo,lettuce,salt,salad,soda,7.72
turkey,brioche,cheese,chicken,mustard,lettuce,salt,chips,soda,8.53
turkey,brioche,mayo,chicken,mustard,tomato,pepper,salad,soda,9.25
turkey,brioche,lettuce,chicken,mayo,lettuce,salt,salad,water,13.1
turkey,brioche,cheese,chicken,mayo,tomato,pepper,salad,soda,10.91
chicken,brioche,lettuce,chicken,mustard,tomato,pepper,chips,soda,8.3
chicken,brioche,tomato,turkey,mustard,lettuce,salt,salad,water,8.49
chicken,brioche,lettuce,beef,mayo,cheese,pepper,chips,soda,14.45
chicken,brioche,mustard,turkey,mustard,lettuce,salt,salad,water,5.81
turkey,brioche,tomato,turkey,mayo,lettuce,pepper,chips,water,11.28
chicken,brioche,mustard,beef,mayo,cheese,pepper,chips,soda,14.61
chicken,brioche,lettuce,chicken,mayo,lettuce,salt,chips,soda,14.71
chicken,brioche,mustard,turkey,mustard,lettuce,pepper,salad,water,11.12
turkey,brioche,mustard,chicken,mayo,cheese,pepper,chips,soda,11.52
chicken,brioche,mayo,turkey,mayo,lettuce,salt,chips,water,11.85
chicken,brioche,mustard,chicken,mustard,tomato,salt,chips,water,7.5
chicken,brioche,tomato,turkey,mayo,lettuce,pepper,chips,water,10.59
turkey,brioche,cheese,turkey,mayo,lettuce,pepper,chips,water,8.88
turkey,brioche,tomato,chicken,mayo,tomato,salt,chips,water,9.69
turkey,brioche,tomato,chicken,mayo,tomato,pepper,salad,soda,13.84
turkey,brioche,tomato,chicken,mustard,tomato,salt,salad,water,12.28
turkey,brioche,tomato,beef,mustard,cheese,pepper,chips,water,11.87
turkey,brioche,mustard,beef,mustard,lettuce,salt,chips,water,10.66
chicken,brioche,mustard,chicken,mayo,lettuce,pepper,salad,water,7.49
turkey,brioche,cheese,beef,mustard,cheese,salt,chips,water,14.58
chicken,brioche,tomato,beef,mustard,cheese,salt,chips,soda,6.67
turkey,brioche,cheese,chicken,mayo,lettuce,pepper,chips,water,12.73
turkey,brioche,tomato,chicken,mayo,tomato,pepper,chips,soda,7.72
turkey,brioche,tomato,turkey,mustard,cheese,pepper,chips,water,14.35
turkey,brioche,tomato,beef,mustard,cheese,pepper,salad,soda,12.23
turkey,brioche,cheese,turkey,mayo,lettuce,salt,chips,soda,11.07
turkey,brioche,tomato,chicken,mustard,cheese,salt,chips,water,8.04
turkey,brioche,tomato,turkey,mustard,tomato,salt,salad,soda,10.88
chicken,brioche,cheese,beef,mustard,lettuce,pepper,salad,soda,9.77
chicken,brioche,lettuce,turkey,mayo,cheese,salt,salad,soda,13.93
chicken,brioche,tomato,turkey,mustard,tomato,salt,salad,water,10.86
chicken,brioche,cheese,beef,mayo,cheese,salt,salad,soda,12.67
chicken,brioche,lettuce,turkey,mustard,cheese,salt,salad,soda,14.34
turkey,brioche,lettuce,beef,mayo,tomato,pepper,chips,soda,6.75
chicken,brioche,lettuce,chicken,mustard,cheese,pepper,chips,soda,7.53
turkey,brioche,mayo,turkey,mayo,tomato,salt,chips,soda,9.17
turkey,brioche,tomato,chicken,mustard,tomato,pepper,chips,soda,10.11
turkey,brioche,mayo,beef,mustard,lettuce,salt,chips,water,12.27
turkey,brioche,tomato,chicken,mayo,tomato,salt,chips,water,7.31
chicken,brioche,tomato,beef,mayo,tomato,salt,salad,water,10.61
turkey,brioche,cheese,beef,mayo,tomato,salt,chips,water,9.16
turkey,brioche,lettuce,chicken,mayo,cheese,salt,chips,water,6.64
turkey,brioche,tomato,turkey,mayo,lettuce,salt,salad,soda,8.27
turkey,brioche,lettuce,beef,mayo,tomato,pepper,salad,water,6.27
chicken,brioche,mustard,chicken,mayo,lettuce,salt,salad,soda,5.3
turkey,brioche,cheese,beef,mayo,lettuce,pepper,salad,soda,5.37
chicken,brioche,mayo,beef,mustard,cheese,salt,salad,water,6.85
chicken,brioche,lettuce,turkey,mayo,tomato,pepper,chips,soda,8.5
chicken,brioche,tomato,chicken,mustard,cheese,pepper,chips,water,7.27
chicken,brioche,mayo,turkey,mustard,cheese,salt,salad,water,12.82
chicken,brioche,mayo,chicken,mayo,tomato,pepper,salad,water,6.07
turkey,brioche,mustard,chicken,mayo,tomato,salt,chips,water,5.18
turkey,brioche,lettuce,chicken,mayo,lettuce,salt,chips,water,14.92
turkey,brioche,tomato,turkey,mayo,cheese,pepper,chips,water,8.43
chicken,brioche,tomato,chicken,mustard,tomato,salt,salad,soda,6.11
chicken,brioche,cheese,beef,mayo,tomato,pepper,chips,soda,8.31
turkey,brioche,tomato,beef,mustard,lettuce,salt,chips,water,14.49
chicken,brioche,cheese,turkey,mustard,lettuce,pepper,salad,water,10.26
turkey,brioche,mustard,beef,mayo,tomato,salt,chips,soda,12.96
chicken,brioche,mustard,turkey,mustard,tomato,salt,chips,water,11.41
chicken,brioche,mayo,beef,mustard,tomato,salt,salad,water,10.91
chicken,brioche,mustard,turkey,mustard,cheese,salt,chips,soda,14.46
turkey,brioche,tomato,beef,mayo,tomato,salt,salad,water,13.11
chicken,brioche,lettuce,chicken,mustard,cheese,salt,chips,water,11.49
chicken,brioche,lettuce,turkey,mustard,lettuce,pepper,chips,soda,7.48
chicken,brioche,mustard,turkey,mayo,cheese,salt,salad,soda,13.33
chicken,brioche,tomato,turkey,mustard,lettuce,salt,salad,soda,13.62
turkey,brioche,lettuce,beef,mayo,tomato,pepper,chips,water,14.19
chicken,brioche,tomato,beef,mustard,cheese,pepper,chips,water,13.64
turkey,brioche,cheese,beef,mayo,cheese,salt,chips,soda,8.9
chicken,brioche,cheese,chicken,mustard,tomato,pepper,chips,soda,8.88
turkey,brioche,mustard,turkey,mustard,lettuce,pepper,salad,water,12.0
turkey,brioche,mustard,chicken,mayo,cheese,pepper,chips,water,14.05
turkey,brioche,mayo,chicken,mustard,lettuce,pepper,chips,soda,14.81
chicken,brioche,mustard,beef,mayo,cheese,pepper,chips,soda,14.02
turkey,brioche,tomato,chicken,mustard,tomato,salt,salad,water,9.87
turkey,brioche,mayo,chicken,mustard,cheese,salt,chips,water,9.29
turkey,brioche,cheese,chicken,mayo,cheese,salt,chips,soda,10.9
turkey,brioche,mustard,chicken,mayo,cheese,pepper,chips,soda,14.79
chicken,brioche,tomato,turkey,mustard,lettuce,pepper,chips,water,13.01
turkey,brioche,mayo,chicken,mayo,cheese,pepper,chips,water,6.43
turkey,brioche,lettuce,turkey,mustard,tomato,salt,chips,water,11.31
chicken,brioche,tomato,chicken,mustard,lettuce,pepper,chips,water,10.08
turkey,brioche,cheese,beef,mustard,tomato,salt,salad,soda,11.92
turkey,brioche,tomato,chicken,mustard,cheese,salt,chips,soda,14.89
chicken,brioche,lettuce,beef,mayo,tomato,pepper,chips,water,8.09
chicken,brioche,mustard,chicken,mustard,lettuce,salt,salad,water,14.39
turkey,brioche,cheese,turkey,mustard,cheese,pepper,salad,soda,11.77
chicken,brioche,mustard,turkey,mustard,tomato,salt,salad,soda,6.93
chicken,brioche,tomato,chicken,mustard,tomato,salt,chips,water,7.48
turkey,brioche,tomato,turkey,mustard,cheese,pepper,chips,soda,11.4
turkey,brioche,tomato,chicken,mustard,lettuce,salt,chips,soda,8.37
chicken,brioche,mayo,turkey,mustard,cheese,pepper,salad,water,6.1
chicken,brioche,lettuce,chicken,mustard,lettuce,salt,chips,soda,12.7
turkey,brioche,mayo,turkey,mayo,tomato,salt,salad,soda,13.26
turkey,brioche,mustard,beef,mustard,lettuce,salt,chips,soda,10.0
turkey,brioche,mustard,turkey,mustard,lettuce,salt,salad,water,5.46
chicken,brioche,tomato,beef,mustard,tomato,salt,salad,soda,9.18
chicken,brioche,mustard,turkey,mayo,tomato,salt,chips,soda,10.14
chicken,brioche,cheese,chicken,mayo,lettuce,pepper,salad,soda,10.85
turkey,brioche,mustard,beef,mustard,tomato,salt,chips,soda,9.24
turkey,brioche,cheese,beef,mayo,lettuce,pepper,chips,water,13.04
turkey,brioche,lettuce,beef,mustard,tomato,pepper,salad,water,10.63
chicken,brioche,cheese,turkey,mayo,lettuce,pepper,salad,water,9.17
chicken,brioche,lettuce,beef,mayo,cheese,salt,chips,soda,8.61
chicken,brioche,lettuce,turkey,mayo,cheese,pepper,salad,water,10.32
chicken,brioche,mustard,chicken,mustard,lettuce,salt,salad,water,14.13
turkey,brioche,cheese,chicken,mustard,cheese,pepper,chips,water,5.97
turkey,brioche,mayo,chicken,mayo,lettuce,salt,salad,soda,9.69
chicken,brioche,mayo,beef,mustard,cheese,pepper,salad,soda,14.38
chicken,brioche,lettuce,beef,mayo,tomato,salt,chips,soda,9.58
chicken,brioche,lettuce,chicken,mayo,tomato,pepper,chips,water,12.81
chicken,brioche,mayo,chicken,mayo,lettuce,pepper,chips,water,9.27
chicken,brioche,cheese,beef,mustard,cheese,salt,chips,water,14.06
turkey,brioche,mayo,turkey,mustard,tomato,pepper,salad,soda,14.89
turkey,brioche,cheese,chicken,mustard,tomato,pepper,chips,soda,11.4
chicken,brioche,mustard,turkey,mayo,tomato,pepper,chips,soda,5.64
chicken,brioche,cheese,beef,mustard,tomato,salt,chips,soda,5.91
chicken,brioche,tomato,turkey,mustard,tomato,pepper,chips,soda,11.46
chicken,brioche,cheese,beef,mayo,cheese,salt,chips,water,8.33
chicken,brioche,mayo,chicken,mayo,tomato,salt,chips,soda,7.5
chicken,brioche,mustard,chicken,mayo,lettuce,pepper,chips,soda,12.05
turkey,brioche,mustard,beef,mayo,tomato,pepper,chips,water,11.0
chicken,brioche,mayo,turkey,mayo,lettuce,salt,salad,water,9.0
turkey,brioche,mayo,turkey,mustard,tomato,salt,chips,water,7.35
turkey,brioche,cheese,chicken,mustard,tomato,pepper,chips,water,10.19
turkey,brioche,lettuce,beef,mayo,lettuce,pepper,chips,water,11.52
chicken,brioche,cheese,beef,mayo,cheese,salt,chips,water,8.11
turkey,brioche,lettuce,beef,mustard,cheese,pepper,chips,water,8.18
turkey,brioche,mayo,beef,mustard,tomato,pepper,salad,water,14.08
chicken,brioche,mustard,beef,mustard,cheese,pepper,chips,soda,6.56
chicken,brioche,mustard,turkey,mustard,cheese,salt,chips,water,10.82
turkey,brioche,lettuce,chicken,mayo,tomato,salt,salad,soda,7.29
chicken,brioche,tomato,beef,mustard,lettuce,salt,salad,soda,9.74
chicken,brioche,cheese,beef,mayo,lettuce,salt,chips,water,13.74
chicken,brioche,lettuce,turkey,mustard,lettuce,pepper,chips,water,14.75
chicken,brioche,lettuce,beef,mayo,cheese,salt,chips,water,7.21
turkey,brioche,cheese,beef,mayo,tomato,pepper,salad,water,5.18
turkey,brioche,lettuce,beef,mayo,cheese,pepper,salad,water,7.35
chicken,brioche,lettuce,chicken,mayo,lettuce,pepper,salad,water,7.76
chicken,brioche,mustard,chicken,mustard,cheese,salt,salad,soda,13.35
chicken,brioche,lettuce,turkey,mustard,tomato,pepper,salad,water,8.84
turkey,brioche,lettuce,turkey,mustard,lettuce,pepper,chips,water,14.54
turkey,brioche,mustard,turkey,mayo,cheese,pepper,chips,water,5.99
chicken,brioche,lettuce,chicken,mayo,tomato,salt,salad,water,13.97
chicken,brioche,mayo,turkey,mayo,lettuce,pepper,salad,water,9.39
chicken,brioche,mustard,turkey,mayo,cheese,pepper,chips,soda,14.57
chicken,brioche,cheese,beef,mustard,tomato,pepper,salad,soda,5.42
turkey,brioche,mayo,chicken,mayo,lettuce,pepper,chips,water,12.55
turkey,brioche,lettuce,turkey,mustard,lettuce,salt,chips,water,6.96
chicken,brioche,cheese,turkey,mayo,cheese,pepper,salad,water,7.12
turkey,brioche,mustard,beef,mayo,cheese,salt,salad,soda,8.34
chicken,brioche,lettuce,beef,mustard,cheese,salt,chips,soda,8.11
turkey,brioche,mayo,chicken,mustard,cheese,salt,chips,water,14.77
chicken,brioche,tomato,beef,mustard,lettuce,pepper,salad,soda,14.21
chicken,brioche,tomato,turkey,mayo,tomato,salt,chips,soda,14.84
chicken,brioche,mayo,beef,mustard,lettuce,pepper,chips,water,14.59
chicken,brioche,tomato,beef,mayo,lettuce,salt,chips,soda,12.11
chicken,brioche,tomato,chicken,mayo,lettuce,salt,salad,water,12.21
turkey,brioche,tomato,chicken,mustard,cheese,pepper,chips,water,9.35
turkey,brioche,lettuce,beef,mayo,tomato,salt,chips,water,11.54
chicken,brioche,cheese,turkey,mayo,cheese,salt,chips,water,13.2
turkey,brioche,lettuce,chicken,mustard,cheese,pepper,salad,soda,14.61
chicken,brioche,tomato,beef,mustard,tomato,salt,salad,water,14.32
chicken,brioche,cheese,turkey,mustard,lettuce,pepper,chips,soda,6.07
chicken,brioche,cheese,beef,mayo,lettuce,pepper,salad,soda,8.45
chicken,brioche,mayo,beef,mayo,tomato,salt,chips,water,10.28
turkey,brioche,lettuce,turkey,mustard,cheese,salt,salad,soda,8.1
turkey,brioche,mayo,turkey,mustard,lettuce,pepper,chips,soda,10.13
turkey,brioche,lettuce,turkey,mayo,cheese,salt,chips,water,9.7
turkey,brioche,mustard,chicken,mustard,cheese,pepper,salad,water,13.15
turkey,brioche,mayo,chicken,mayo,cheese,pepper,salad,water,5.7
turkey,brioche,lettuce,turkey,mayo,lettuce,salt,salad,water,6.39
turkey,brioche,mustard,beef,mayo,cheese,salt,salad,soda,13.25
turkey,brioche,cheese,chicken,mayo,cheese,salt,salad,water,9.72
chicken,brioche,tomato,turkey,mayo,cheese,salt,chips,water,8.12
chicken,brioche,cheese,chicken,mustard,lettuce,salt,salad,water,10.68
chicken,brioche,mustard,beef,mayo,tomato,salt,salad,soda,9.88
chicken,brioche,tomato,turkey,mustard,lettuce,pepper,salad,water,6.83
turkey,brioche,mayo,beef,mustard,tomato,salt,salad,water,5.15
chicken,brioche,cheese,turkey,mayo,lettuce,pepper,chips,soda,10.82
turkey,brioche,tomato,chicken,mustard,tomato,salt,salad,soda,7.89
chicken,brioche,cheese,beef,mustard,cheese,pepper,chips,water,6.64
turkey,brioche,lettuce,chicken,mayo,lettuce,salt,salad,water,9.62
chicken,brioche,cheese,turkey,mayo,cheese,salt,salad,soda,13.75
turkey,brioche,lettuce,turkey,mayo,cheese,salt,chips,water,9.71
turkey,brioche,tomato,beef,mustard,cheese,salt,salad,water,14.96
chicken,brioche,mayo,chicken,mayo,tomato,pepper,salad,soda,8.73
chicken,brioche,mustard,chicken,mayo,cheese,pepper,chips,water,9.13
chicken,brioche,lettuce,turkey,mustard,tomato,salt,chips,soda,10.48
turkey,brioche,cheese,chicken,mustard,tomato,salt,salad,soda,6.75
chicken,brioche,lettuce,chicken,mustard,cheese,pepper,chips,water,11.07
turkey,brioche,cheese,chicken,mustard,cheese,salt,salad,soda,5.26
turkey,brioche,lettuce,chicken,mustard,lettuce,pepper,chips,soda,14.27
turkey,brioche,mustard,chicken,mayo,tomato,salt,salad,soda,13.88
chicken,brioche,mustard,turkey,mustard,lettuce,salt,chips,water,7.08
chicken,brioche,cheese,chicken,mustard,tomato,pepper,chips,soda,12.91
turkey,brioche,mustard,beef,mayo,tomato,pepper,chips,water,9.28
chicken,brioche,mustard,chicken,mayo,tomato,pepper,chips,water,11.99
turkey,brioche,lettuce,turkey,mustard,lettuce,salt,salad,soda,9.41
chicken,brioche,mayo,turkey,mustard,tomato,pepper,chips,water,6.82
turkey,brioche,tomato,chicken,mustard,lettuce,pepper,chips,soda,5.94
turkey,brioche,lettuce,turkey,mustard,cheese,salt,salad,water,13.09
turkey,brioche,mayo,turkey,mustard,lettuce,pepper,salad,water,7.85
chicken,brioche,tomato,turkey,mustard,cheese,pepper,salad,soda,7.11
chicken,brioche,mustard,chicken,mayo,tomato,pepper,salad,soda,9.27
turkey,brioche,mustard,beef,mayo,lettuce,pepper,salad,water,5.61
turkey,brioche,lettuce,turkey,mayo,lettuce,salt,salad,soda,9.55
turkey,brioche,mustard,turkey,mustard,tomato,salt,salad,water,14.73
chicken,brioche,tomato,chicken,mayo,tomato,pepper,chips,water,13.83
turkey,brioche,mustard,turkey,mustard,tomato,pepper,salad,soda,10.92
chicken,brioche,mustard,beef,mayo,tomato,salt,salad,water,8.44
turkey,brioche,tomato,turkey,mayo,tomato,pepper,salad,soda,14.45
turkey,brioche,cheese,turkey,mustard,tomato,salt,salad,water,9.43
turkey,brioche,lettuce,chicken,mustard,tomato,pepper,chips,soda,7.57
turkey,brioche,cheese,chicken,mustard,tomato,pepper,salad,soda,10.18
chicken,brioche,cheese,turkey,mustard,cheese,pepper,chips,water,14.37
turkey,brioche,lettuce,turkey,mustard,tomato,salt,chips,water,9.74
chicken,brioche,mayo,turkey,mustard,cheese,salt,chips,soda,9.99
chicken,brioche,cheese,turkey,mustard,tomato,salt,salad,soda,12.85
turkey,brioche,lettuce,turkey,mustard,cheese,salt,salad,soda,5.28
chicken,brioche,lettuce,chicken,mayo,cheese,pepper,chips,water,5.05
chicken,brioche,tomato,chicken,mustard,cheese,salt,chips,water,5.11
turkey,brioche,tomato,beef,mustard,cheese,pepper,salad,water,8.93
turkey,brioche,mayo,chicken,mayo,lettuce,salt,salad,water,6.85
chicken,brioche,lettuce,turkey,mayo,tomato,pepper,chips,water,10.72
chicken,brioche,mustard,beef,mayo,lettuce,salt,chips,soda,11.18
chicken,brioche,lettuce,beef,mustard,tomato,salt,chips,water,11.5
chicken,brioche,tomato,turkey,mustard,cheese,salt,salad,water,9.44
turkey,brioche,cheese,chicken,mustard,tomato,pepper,chips,water,14.31
chicken,brioche,cheese,chicken,mustard,cheese,salt,chips,water,9.65
turkey,brioche,lettuce,beef,mustard,tomato,salt,chips,water,10.83
turkey,brioche,mustard,turkey,mayo,lettuce,salt,salad,soda,7.06
turkey,brioche,mayo,chicken,mustard,lettuce,pepper,chips,water,7.3
chicken,brioche,mustard,beef,mayo,cheese,pepper,chips,soda,7.83
chicken,brioche,cheese,turkey,mayo,tomato,pepper,chips,water,14.74
turkey,brioche,tomato,chicken,mustard,lettuce,salt,salad,water,11.94
chicken,brioche,lettuce,turkey,mayo,cheese,pepper,chips,water,13.85
chicken,brioche,mustard,turkey,mustard,cheese,salt,chips,water,14.8
turkey,brioche,mustard,chicken,mayo,cheese,pepper,chips,soda,8.78
chicken,brioche,cheese,turkey,mayo,tomato,salt,salad,soda,14.83
chicken,brioche,mustard,turkey,mustard,lettuce,salt,chips,water,12.77
turkey,brioche,mayo,beef,mustard,lettuce,salt,salad,soda,12.7
chicken,brioche,lettuce,beef,mayo,cheese,pepper,chips,soda,7.79
chicken,brioche,mustard,turkey,mustard,cheese,salt,salad,soda,10.5
chicken,brioche,mustard,chicken,mustard,cheese,pepper,salad,soda,6.8
chicken,brioche,cheese,turkey,mustard,tomato,pepper,salad,water,8.92
chicken,brioche,mustard,beef,mayo,cheese,salt,chips,soda,13.22
chicken,brioche,mayo,beef,mayo,cheese,salt,salad,water,10.46
turkey,brioche,lettuce,chicken,mayo,cheese,pepper,salad,soda,7.61
chicken,brioche,cheese,chicken,mayo,lettuce,salt,salad,soda,9.97
turkey,brioche,tomato,beef,mustard,lettuce,pepper,salad,soda,8.16
turkey,brioche,cheese,beef,mayo,cheese,salt,chips,soda,14.18
chicken,brioche,mayo,turkey,mustard,cheese,pepper,chips,soda,9.81
chicken,brioche,lettuce,chicken,mustard,lettuce,salt,salad,soda,9.83
chicken,brioche,cheese,beef,mayo,lettuce,salt,chips,water,5.39
turkey,brioche,lettuce,turkey,mayo,cheese,pepper,chips,soda,13.13
turkey,brioche,tomato,beef,mayo,tomato,salt,chips,soda,12.48
turkey,brioche,mustard,beef,mustard,tomato,salt,chips,water,13.7
turkey,brioche,lettuce,turkey,mayo,tomato,salt,chips,soda,10.25
turkey,brioche,cheese,chicken,mustard,cheese,salt,chips,water,14.41
turkey,brioche,mayo,turkey,mayo,lettuce,pepper,salad,soda,6.82
chicken,brioche,mayo,beef,mayo,cheese,pepper,chips,water,14.51
chicken,brioche,tomato,beef,mustard,lettuce,pepper,chips,soda,9.59
chicken,brioche,mustard,beef,mustard,lettuce,pepper,chips,soda,7.3
turkey,brioche,mustard,chicken,mustard,tomato,salt,salad,water,7.17
turkey,brioche,tomato,chicken,mustard,tomato,pepper,salad,water,12.68
chicken,brioche,mayo,chicken,mustard,lettuce,pepper,salad,soda,5.51
chicken,brioche,mustard,turkey,mayo,tomato,salt,chips,water,7.42
turkey,brioche,cheese,chicken,mayo,tomato,salt,chips,water,10.21
chicken,brioche,cheese,turkey,mustard,lettuce,pepper,chips,soda,8.2
chicken,brioche,cheese,beef,mayo,lettuce,pepper,chips,water,14.94
chicken,brioche,cheese,chicken,mustard,tomato,pepper,chips,water,13.12
turkey,brioche,lettuce,turkey,mayo,cheese,pepper,chips,water,6.26
chicken,brioche,tomato,beef,mayo,lettuce,salt,chips,soda,14.94
turkey,brioche,lettuce,beef,mustard,lettuce,salt,chips,soda,5.13
chicken,brioche,mustard,turkey,mustard,cheese,pepper,chips,water,5.97
turkey,brioche,lettuce,beef,mayo,lettuce,salt,salad,water,9.21
turkey,brioche,mustard,turkey,mustard,tomato,salt,chips,water,13.41
turkey,brioche,cheese,chicken,mustard,lettuce,pepper,chips,water,5.96
turkey,brioche,lettuce,turkey,mayo,cheese,pepper,chips,soda,14.56
chicken,brioche,mustard,beef,mayo,tomato,pepper,salad,soda,7.57
chicken,brioche,mayo,chicken,mustard,tomato,pepper,salad,soda,11.82
chicken,brioche,mustard,chicken,mayo,tomato,pepper,chips,soda,7.94
chicken,brioche,tomato,beef,mustard,tomato,pepper,salad,soda,10.05
chicken,brioche,mayo,chicken,mustard,lettuce,salt,chips,water,5.12
turkey,brioche,lettuce,chicken,mustard,cheese,salt,salad,water,12.31
turkey,brioche,lettuce,turkey,mayo,tomato,salt,chips,soda,13.84
chicken,brioche,tomato,beef,mayo,lettuce,pepper,salad,water,11.22
turkey,brioche,tomato,beef,mayo,tomato,salt,chips,soda,6.88
turkey,brioche,cheese,turkey,mayo,cheese,pepper,chips,water,13.68
turkey,brioche,lettuce,chicken,mayo,lettuce,pepper,chips,water,8.09
chicken,brioche,mayo,beef,mustard,cheese,pepper,salad,soda,12.12
turkey,brioche,tomato,chicken,mustard,cheese,salt,chips,soda,9.4
turkey,brioche,cheese,chicken,mustard,tomato,salt,chips,water,12.08
chicken,brioche,cheese,turkey,mustard,lettuce,salt,chips,water,8.49
turkey,brioche,tomato,turkey,mayo,lettuce,pepper,salad,soda,12.27
chicken,brioche,mustard,beef,mayo,tomato,salt,salad,soda,6.62
turkey,brioche,mustard,chicken,mustard,lettuce,pepper,salad,soda,11.93
turkey,brioche,lettuce,chicken,mayo,lettuce,salt,chips,soda,14.4
turkey,brioche,cheese,turkey,mayo,cheese,pepper,salad,water,7.42
chicken,brioche,lettuce,turkey,mustard,cheese,salt,salad,water,8.88
chicken,brioche,cheese,chicken,mayo,lettuce,salt,chips,soda,12.06
chicken,brioche,cheese,turkey,mayo,tomato,pepper,chips,water,14.52
chicken,brioche,cheese,turkey,mayo,tomato,salt,salad,water,13.82
chicken,brioche,mayo,chicken,mayo,lettuce,salt,chips,water,7.66
chicken,brioche,cheese,turkey,mustard,lettuce,pepper,chips,water,13.01
chicken,brioche,lettuce,turkey,mayo,lettuce,pepper,chips,water,13.54
turkey,brioche,mayo,beef,mayo,tomato,pepper,salad,water,6.0
chicken,brioche,tomato,beef,mayo,cheese,pepper,salad,water,12.34
chicken,brioche,cheese,beef,mustard,tomato,salt,chips,soda,11.92
chicken,brioche,mayo,beef,mustard,cheese,salt,chips,soda,11.89
chicken,brioche,lettuce,chicken,mustard,lettuce,salt,salad,soda,8.82
turkey,brioche,mayo,beef,mustard,cheese,salt,salad,water,14.54
turkey,brioche,lettuce,chicken,mayo,tomato,pepper,salad,water,5.33
turkey,brioche,tomato,chicken,mayo,tomato,pepper,chips,water,13.77
turkey,brioche,cheese,turkey,mayo,cheese,salt,chips,water,10.71
turkey,brioche,cheese,chicken,mayo,lettuce,pepper,salad,soda,10.55
chicken,brioche,tomato,chicken,mustard,cheese,pepper,salad,water,8.38
chicken,brioche,cheese,beef,mustard,tomato,pepper,salad,water,11.64
chicken,brioche,tomato,beef,mayo,lettuce,pepper,salad,soda,5.67
turkey,brioche,cheese,turkey,mayo,lettuce,salt,salad,soda,7.75
turkey,brioche,tomato,beef,mustard,tomato,pepper,chips,water,12.36
turkey,brioche,mustard,chicken,mayo,tomato,pepper,chips,soda,12.99
turkey,brioche,mustard,beef,mustard,cheese,pepper,salad,water,5.96
turkey,brioche,cheese,turkey,mayo,tomato,salt,salad,water,9.3
turkey,brioche,cheese,turkey,mayo,tomato,salt,salad,water,8.81
turkey,brioche,lettuce,beef,mustard,tomato,salt,salad,water,11.71
chicken,brioche,lettuce,turkey,mayo,tomato,pepper,chips,soda,7.49
chicken,brioche,tomato,turkey,mustard,cheese,salt,chips,water,11.5
turkey,brioche,mustard,beef,mayo,tomato,pepper,chips,water,10.74
turkey,brioche,lettuce,beef,mayo,cheese,pepper,chips,soda,14.21
turkey,brioche,lettuce,chicken,mustard,lettuce,pepper,salad,soda,12.71
chicken,brioche,mustard,chicken,mustard,lettuce,pepper,chips,soda,11.7
turkey,brioche,lettuce,turkey,mustard,lettuce,salt,chips,water,7.65
turkey,brioche,lettuce,chicken,mustard,cheese,pepper,chips,soda,12.6
chicken,brioche,mayo,beef,mustard,lettuce,pepper,salad,soda,7.89
turkey,brioche,tomato,chicken,mustard,tomato,salt,chips,water,12.82
chicken,brioche,mustard,beef,mustard,tomato,salt,chips,soda,14.7
turkey,brioche,lettuce,chicken,mustard,cheese,salt,salad,soda,14.35
chicken,brioche,mustard,turkey,mustard,cheese,salt,salad,soda,13.15
turkey,brioche,cheese,beef,mustard,cheese,salt,salad,water,12.05
chicken,brioche,mustard,chicken,mustard,tomato,pepper,chips,soda,12.03
chicken,brioche,cheese,turkey,mayo,tomato,salt,chips,water,7.57
chicken,brioche,mayo,beef,mustard,tomato,salt,chips,water,8.34
turkey,brioche,mustard,turkey,mustard,lettuce,salt,salad,soda,12.55
chicken,brioche,mustard,beef,mayo,tomato,pepper,salad,soda,12.37
chicken,brioche,lettuce,chicken,mayo,tomato,pepper,salad,water,12.47
chicken,brioche,tomato,chicken,mustard,tomato,pepper,chips,soda,12.69
chicken,brioche,mayo,turkey,mayo,cheese,salt,chips,water,5.89
turkey,brioche,mayo,turkey,mayo,lettuce,salt,salad,water,11.59
chicken,brioche,mustard,beef,mayo,lettuce,pepper,chips,water,6.93
chicken,brioche,mayo,chicken,mayo,tomato,salt,chips,soda,10.99
turkey,brioche,lettuce,turkey,mustard,lettuce,salt,salad,water,11.96
turkey,brioche,lettuce,chicken,mayo,cheese,pepper,chips,soda,12.3
chicken,brioche,tomato,beef,mayo,cheese,pepper,salad,soda,10.05
chicken,brioche,cheese,turkey,mustard,cheese,salt,chips,water,6.18
