player_id,player_name,goals_scored,team_name,nationality,age,position,matches_played
1,Noak Tarney,25,Chelsea,China,20,Forward,6
2,Benita Hilldrup,50,Bayren Munich,Ukraine,29,Defender,31
3,Helene Gullam,16,Liverpool,Kosovo,36,Defender,36
4,Justen Ianizzi,8,Real Madrid,Brazil,22,Forward,16
5,Yanaton Seabon,6,Lyon,Indonesia,24,Midfielder,17
6,Krystal Lorenz,0,Liverpool,Ukraine,33,Forward,48
7,Guendolen Ronci,3,Manchester United,China,40,Forward,22
8,Conrad Jochanany,35,PSG,Azerbaijan,29,Forward,33
9,Cathrine Gladdin,31,Monaco,Indonesia,36,Forward,14
10,Marta Levi,26,Barcelona,Indonesia,18,Forward,38
11,Harlan McKall,6,Monaco,Indonesia,17,Forward,29
12,Aharon Hindge,35,Real Madrid,Poland,30,Forward,43
13,Carola Lippett,0,Leipzig,Canada,35,Defender,4
14,Abigail Attersoll,50,Arsenal,Ukraine,37,Forward,9
15,Debor Kemston,23,Leipzig,China,29,Defender,31
16,Tommie Maestro,35,Everton,Sweden,40,Forward,31
17,Cazzie Matic,25,Everton,Peru,29,Midfielder,13
18,Bertrand Barbey,48,Seattle Sounders,Portugal,31,Midfielder,26
19,Kylynn Luciano,50,PSG,United States,35,Defender,29
20,Marvin Venes,42,Bayren Leverkusen,East Timor,26,Forward,24
21,Damien Torbeck,0,Bayren Leverkusen,Bolivia,38,Defender,6
22,Beatriz Lovelady,8,Arsenal,Portugal,19,Forward,42
23,Laina Vowells,23,Arsenal,Indonesia,28,Midfielder,0
24,Annissa Parkinson,3,Tottenham,Argentina,19,Midfielder,23
25,Maritsa Dymock,6,Seattle Sounders,Portugal,40,Midfielder,7
26,Conny Brucker,28,Borussia Dortmund,Sweden,34,Forward,42
27,Lionello Titchen,10,Chelsea,Russia,18,Defender,22
28,Billie Cushe,14,Lyon,Guatemala,28,Defender,36
29,Mohammed Grinsdale,33,Chelsea,Ukraine,24,Midfielder,50
30,Creight Rozycki,19,Manchester City,China,39,Forward,18
31,Dallis McMearty,14,Aston Villa,Indonesia,25,Midfielder,37
32,Rycca Dellenty,34,Borussia Dortmund,China,35,Defender,17
33,Alvie Potell,24,Borussia Dortmund,Ukraine,27,Midfielder,33
34,Luelle Schule,12,Arsenal,Colombia,23,Defender,29
35,Sammy Petow,41,Bayren Munich,Peru,25,Midfielder,7
36,Noell Kamienski,44,Aston Villa,China,21,Forward,46
37,Sharyl Badini,48,Leipzig,Belize,35,Midfielder,40
38,Igor Chanter,5,Bayren Leverkusen,Argentina,35,Midfielder,2
39,Jerrome Mosley,2,Bayren Leverkusen,Russia,35,Defender,32
40,Kippy Jermey,12,PSG,Italy,39,Midfielder,49
41,Lorianne Buterton,18,Barcelona,Kazakhstan,36,Forward,20
42,Jedediah Vanyatin,29,Everton,Egypt,33,Defender,35
43,Lawrence Gouda,42,Manchester United,Kazakhstan,29,Forward,34
44,Ximenez Polycote,45,Manchester United,Finland,20,Midfielder,47
45,Elia Cheek,0,Bayren Munich,Seychelles,28,Forward,9
46,Marian Hammonds,26,Barcelona,France,25,Midfielder,0
47,Mohandis Gower,35,Manchester City,Yemen,31,Midfielder,19
48,Carri Frosdick,40,Lyon,France,27,Forward,13
49,Em Mannie,20,Leipzig,Portugal,18,Midfielder,39
50,Emmalyn Taggert,42,Tottenham,China,30,Forward,40
51,Joleen Setford,50,Chelsea,China,33,Midfielder,20
52,Kelsey Prati,43,Liverpool,Sweden,19,Midfielder,43
53,Pavia Pawlowicz,6,PSG,Poland,30,Forward,3
54,Garald Pessolt,12,Chelsea,Colombia,33,Defender,25
55,Nalani Chippin,2,Arsenal,Czech Republic,27,Midfielder,31
56,Francesco Maiden,44,Chelsea,Brazil,39,Midfielder,27
57,Quincy Heintz,36,PSG,Brazil,17,Defender,50
58,Dov Scrogges,46,Barcelona,France,30,Forward,38
59,Bernetta Coard,10,PSG,Peru,26,Forward,32
60,Rosalie Bougen,4,PSG,Belarus,33,Midfielder,43
61,Loraine Wink,7,Bayren Munich,Zimbabwe,38,Midfielder,45
62,Belinda Ratley,10,Barcelona,Russia,25,Midfielder,41
63,Ruben Peschet,14,Real Madrid,France,19,Midfielder,24
64,Martina Wylder,14,Arsenal,China,38,Midfielder,13
65,Ansell Janjic,30,Real Madrid,China,40,Midfielder,43
66,Mortie Slateford,31,Liverpool,China,30,Forward,39
67,Sammy Breckell,29,Arsenal,China,25,Midfielder,10
68,Melita Woodrooffe,12,Seattle Sounders,China,24,Defender,37
69,Evangelia Howie,8,Monaco,Indonesia,34,Forward,14
70,Atlante Mucklestone,19,Leipzig,Slovenia,31,Midfielder,18
71,Bree Geeson,42,PSG,Iran,30,Midfielder,0
72,Yorker Mechem,50,Chelsea,Ukraine,36,Midfielder,25
73,Nonna Sumshon,20,PSG,Poland,24,Midfielder,20
74,Colas Beales,11,Liverpool,Philippines,36,Midfielder,23
75,Scottie Derrett,18,Manchester City,Japan,38,Midfielder,1
76,Rorke Treasure,6,Leipzig,China,37,Forward,45
77,Henri McGinnis,22,Lyon,Philippines,26,Forward,6
78,Ardelle Innerstone,15,Leipzig,China,34,Defender,32
79,Clementia Mattersley,26,Arsenal,Philippines,21,Defender,26
80,Lory Pennyman,22,Leipzig,Albania,19,Forward,21
81,Friedrich Clayden,49,Chelsea,China,18,Defender,3
82,Kissee Casaletto,41,Manchester City,Philippines,25,Defender,43
83,Cathleen Blatchford,1,Chelsea,Philippines,21,Midfielder,31
84,Brittany Cawthera,27,PSG,Philippines,30,Defender,2
85,Rosco Greve,29,Barcelona,Indonesia,28,Forward,38
86,Elwin Ogus,11,Lyon,Jamaica,30,Defender,50
87,Blithe Hardisty,19,Manchester City,Russia,35,Defender,1
88,Robers Rosenshine,8,Bayren Leverkusen,Chile,27,Midfielder,24
89,Sena Stonall,44,Newcastle,Indonesia,27,Forward,10
90,Maia Cribbins,25,Leipzig,Colombia,40,Defender,18
91,Suzette Howerd,42,Newcastle,Malawi,27,Midfielder,49
92,Dollie Loding,23,Arsenal,Russia,30,Midfielder,5
93,Alwin Caneo,3,Everton,Indonesia,31,Defender,30
94,Netty Borgars,47,Lyon,China,27,Forward,7
95,Leighton Martynikhin,15,Bayren Leverkusen,Netherlands,17,Forward,10
96,Ansley Leeds,43,Aston Villa,Sweden,34,Midfielder,47
97,Kevon Reisen,21,Aston Villa,Slovenia,17,Defender,7
98,Clarine Carville,10,Barcelona,Indonesia,32,Forward,13
99,Tulley Yearron,25,Aston Villa,Brazil,33,Forward,13
100,Iris McGowran,31,Borussia Dortmund,China,35,Defender,10
101,Kimball Bruni,26,Leipzig,Greece,24,Midfielder,13
102,Borden Tappington,12,PSG,Indonesia,21,Forward,42
103,Alphonse Lezemore,8,PSG,Peru,35,Forward,43
104,Kameko Wilfing,45,Monaco,Norway,19,Forward,6
105,Charita Rimbault,36,Tottenham,Bangladesh,38,Defender,47
106,Rafa Belderson,38,Liverpool,Indonesia,33,Defender,16
107,Corey Bramall,29,Liverpool,United States,19,Midfielder,42
108,Irena Swanwick,14,Manchester City,United States,24,Defender,18
109,Allyn Gladding,11,Seattle Sounders,Russia,31,Defender,37
110,Arri Brogiotti,29,Monaco,Poland,18,Defender,1
111,Frankie Dowley,10,PSG,Indonesia,24,Defender,50
112,Catlaina Chettle,24,Everton,United States,39,Midfielder,5
113,Margie Scales,12,Manchester City,China,30,Forward,16
114,Brewster Hurdidge,42,Everton,Sierra Leone,35,Forward,27
115,Gunar Akester,38,Leipzig,Philippines,21,Forward,46
116,Marylee Drohan,44,Barcelona,Indonesia,31,Midfielder,21
117,Romeo Griffith,35,PSG,China,40,Forward,23
118,Mathian Buckles,47,Manchester United,Dominican Republic,28,Midfielder,14
119,Denney Moralas,27,Everton,South Africa,40,Midfielder,38
120,Emmalynn Petto,8,Borussia Dortmund,Brazil,27,Midfielder,35
121,Eben Asee,9,Bayren Leverkusen,Philippines,18,Midfielder,18
122,Lorena Stigell,27,Manchester City,China,32,Forward,44
123,Jaquenette Santi,40,Borussia Dortmund,South Korea,18,Midfielder,10
124,Vonnie Boler,16,Manchester City,China,35,Defender,13
125,Tersina Gribbin,22,Barcelona,France,19,Forward,34
126,Bobbie Calbreath,23,Tottenham,China,26,Defender,49
127,Saleem Hands,41,Manchester United,China,38,Defender,32
128,Derk Guiden,13,Seattle Sounders,Honduras,26,Forward,30
129,Cecilla Thieme,45,Chelsea,Bangladesh,39,Midfielder,34
130,Sallee Cumesky,25,Seattle Sounders,Kazakhstan,33,Midfielder,2
131,Clare Blincoe,43,Borussia Dortmund,Finland,19,Defender,37
132,Terry Tomaskov,1,Everton,Russia,27,Midfielder,19
133,Tamas Begwell,2,Tottenham,Russia,33,Forward,45
134,Kendre Bolmann,8,Liverpool,Sweden,24,Midfielder,20
135,Evangeline Tappington,3,Barcelona,Armenia,25,Midfielder,20
136,Artemus Shillington,37,Chelsea,Chile,22,Midfielder,50
137,Marley Guice,31,Newcastle,Indonesia,35,Forward,7
138,Arden Howitt,21,Leipzig,Russia,38,Defender,11
139,Ana Whatmough,26,Arsenal,Brazil,26,Forward,27
140,Cory Rachuig,42,Everton,Sweden,24,Midfielder,17
141,Clarette Lappin,2,Borussia Dortmund,Czech Republic,31,Defender,17
142,Natalie MacGiany,43,Chelsea,Albania,36,Forward,18
143,Blake Ianittello,27,Arsenal,China,28,Defender,14
144,Austen Stanlock,28,Monaco,Indonesia,35,Forward,14
145,Sidney Antcliffe,9,Lyon,Philippines,21,Midfielder,18
146,Theodosia Iacobacci,26,Borussia Dortmund,Russia,18,Midfielder,0
147,Josias Cartwright,27,Borussia Dortmund,China,39,Defender,23
148,Augustina Callinan,19,Arsenal,Canada,30,Forward,30
149,Olwen McLarnon,45,Monaco,Indonesia,23,Defender,34
150,Octavia Lodovichi,10,Seattle Sounders,China,36,Defender,6
151,Fina Shelly,21,Manchester United,Georgia,37,Forward,28
152,Mada Gioan,9,Manchester City,Russia,30,Midfielder,28
153,Mickey Pimmocke,15,Manchester United,Japan,31,Midfielder,1
154,Susanetta Benting,44,Tottenham,Panama,27,Midfielder,0
155,Eolande Boler,36,Manchester City,Philippines,22,Defender,25
156,Vanessa Leasor,24,Lyon,China,34,Midfielder,40
157,Kesley Last,35,Arsenal,Venezuela,21,Forward,49
158,Kayle Steel,15,Liverpool,China,31,Midfielder,31
159,Bradly Isaacs,4,Barcelona,Indonesia,33,Forward,50
160,Dulcy O'Calleran,28,Manchester City,Poland,21,Midfielder,29
161,Cordy Gotling,21,Newcastle,Philippines,20,Defender,15
162,Holt Atwel,26,Leipzig,China,31,Midfielder,4
163,Al Ledbetter,32,Barcelona,Indonesia,31,Defender,47
164,Moritz Casford,11,Borussia Dortmund,Russia,37,Defender,23
165,Olympe Mateuszczyk,40,PSG,Poland,29,Midfielder,27
166,Araldo Allderidge,18,Aston Villa,China,29,Midfielder,2
167,Tammy Aingell,39,Lyon,China,30,Midfielder,20
168,Gleda Zmitrichenko,22,Borussia Dortmund,Morocco,35,Midfielder,33
169,Gina Giorio,24,Barcelona,Uzbekistan,27,Defender,29
170,Elfrieda O' Finan,21,Manchester United,China,31,Defender,9
171,Corena Mottram,3,Newcastle,Philippines,35,Defender,5
172,Kendell Ccomini,44,Leipzig,Azerbaijan,38,Forward,44
173,Morgun Stroband,3,Aston Villa,China,21,Defender,46
174,Lenora Blaymires,21,Chelsea,Portugal,30,Midfielder,12
175,Pattie Bedson,10,Bayren Leverkusen,Brazil,30,Forward,5
176,Chevy Averill,49,Liverpool,Ukraine,40,Forward,30
177,Jobina Peasgood,9,Aston Villa,Russia,19,Defender,7
178,Olympie Trotton,27,Manchester City,Ukraine,24,Midfielder,38
179,Jodi Gilbart,40,Chelsea,Greece,34,Defender,0
180,Way Bunn,1,Everton,Czech Republic,23,Midfielder,47
181,Ertha Lowndesbrough,22,Newcastle,Japan,25,Defender,49
182,Ritchie Bevan,29,Manchester City,Estonia,38,Forward,39
183,Kendal Garter,35,Borussia Dortmund,China,30,Forward,2
184,Teador Berrington,37,Aston Villa,Portugal,39,Midfielder,22
185,Dukie Soitoux,21,Barcelona,Angola,33,Defender,20
186,Dave Huckster,50,Chelsea,Canada,18,Defender,3
187,Kippy Weins,43,Bayren Munich,China,22,Midfielder,10
188,Rollin Sibun,12,Borussia Dortmund,China,19,Forward,24
189,Arnie Culwen,3,Monaco,Indonesia,36,Forward,9
190,Myrtia Gaish,2,Barcelona,Indonesia,22,Defender,25
191,Avril Gwatkin,34,Everton,China,24,Forward,22
192,Mallissa Bugge,31,Manchester United,China,38,Midfielder,40
193,Albina Debenham,26,Barcelona,Brazil,31,Midfielder,50
194,Myrwyn Skypp,35,Manchester United,Peru,38,Defender,40
195,Margit Episcopio,15,Manchester United,Greece,25,Midfielder,43
196,Tana Lochet,19,Chelsea,Philippines,20,Forward,50
197,Zedekiah McGarvie,44,Monaco,France,25,Midfielder,40
198,Jesse Benit,19,Chelsea,Sweden,29,Forward,39
199,Alethea Boutcher,1,Newcastle,Serbia,22,Defender,16
200,Natividad Kitley,36,Newcastle,China,28,Defender,32
201,Olin Lerner,1,Borussia Dortmund,Honduras,17,Midfielder,27
202,Gunar McIlharga,45,Bayren Leverkusen,Argentina,17,Midfielder,5
203,Cull Capron,44,Aston Villa,Kenya,35,Forward,17
204,Charmian De la croix,22,Bayren Leverkusen,Honduras,26,Forward,14
205,Faina Kemster,4,Bayren Munich,Thailand,39,Defender,14
206,Otto Jago,4,Borussia Dortmund,France,32,Forward,0
207,Aimil Sommerly,3,Aston Villa,Greece,25,Defender,3
208,Micheil Moulsdall,35,Barcelona,Vietnam,32,Defender,13
209,Elroy Moland,37,Bayren Munich,New Zealand,24,Defender,5
210,Connie Trahmel,19,Monaco,Indonesia,19,Midfielder,26
211,Aldric Picardo,15,Leipzig,Netherlands,26,Forward,37
212,Conrado Fewings,35,Tottenham,China,29,Midfielder,5
213,Otha Blackader,21,Bayren Munich,Niger,25,Midfielder,31
214,Massimiliano Chadburn,49,Bayren Leverkusen,Poland,25,Defender,36
215,Stevena Faye,17,PSG,Indonesia,38,Defender,23
216,Rheta Filipowicz,43,Liverpool,France,38,Defender,3
217,Robinett Harradine,43,Tottenham,Indonesia,38,Forward,24
218,Joletta Temlett,34,Borussia Dortmund,Brazil,40,Forward,39
219,Selinda Sorbie,33,Aston Villa,Japan,25,Forward,5
220,Lacee Knight,43,Bayren Munich,Peru,32,Defender,35
221,Killie Idale,6,Bayren Leverkusen,Argentina,34,Defender,26
222,Lona Dancey,21,Barcelona,Brazil,33,Forward,23
223,Goldarina Mynard,21,Bayren Leverkusen,China,30,Forward,36
224,Vale Fippe,9,Newcastle,Panama,28,Defender,8
225,Gusti Carrel,41,Monaco,France,36,Defender,35
226,Grant Learned,38,Arsenal,China,31,Midfielder,13
227,West Lapthorne,49,Leipzig,Greece,33,Defender,37
228,Laurie Luesley,12,Seattle Sounders,Vietnam,21,Defender,35
229,Bud Give,32,Everton,Chile,23,Defender,7
230,Belita Reid,18,Bayren Leverkusen,Peru,38,Forward,2
231,Martyn Silverwood,9,Monaco,Russia,31,Defender,45
232,Giff Marzele,13,Manchester United,United States,24,Forward,30
233,Athena Filochov,9,Aston Villa,Tanzania,20,Forward,43
234,Boonie Greenrde,3,PSG,Russia,27,Forward,36
235,Ermanno Carbert,1,Leipzig,Serbia,39,Forward,43
236,Marcus Westphalen,46,Real Madrid,China,37,Forward,28
237,Rey Crouse,36,Newcastle,Portugal,22,Defender,20
238,Collete Kenan,42,Aston Villa,United Kingdom,24,Midfielder,6
239,Giffy Malcolm,24,Monaco,Russia,23,Midfielder,15
240,Vitoria Hince,39,Lyon,France,33,Midfielder,10
241,Shannon Alcide,40,PSG,Palestinian Territory,19,Defender,6
242,Saree Woolfoot,32,Newcastle,China,28,Forward,14
243,Hersch Symes,1,Chelsea,Mongolia,20,Midfielder,3
244,Merline Dancer,40,Borussia Dortmund,Czech Republic,32,Forward,22
245,Anatollo Petrichat,41,Tottenham,El Salvador,23,Forward,19
246,Quintus Carty,1,Arsenal,Indonesia,25,Midfielder,33
247,Emilia Forsyth,9,Aston Villa,China,29,Midfielder,8
248,Denice Carlaw,33,Arsenal,Sweden,30,Defender,8
249,Larina Lecointe,13,Borussia Dortmund,Nigeria,39,Forward,10
250,Sherill Favell,17,Monaco,China,17,Midfielder,41
251,Derick Ralph,40,Manchester United,Estonia,38,Midfielder,15
252,Tabb Czaja,22,Bayren Munich,Mauritania,25,Defender,41
253,Ketti Triggle,16,Bayren Munich,Sweden,20,Defender,42
254,Belicia Sheekey,28,Manchester City,China,33,Forward,36
255,Concettina Slocket,23,Aston Villa,Indonesia,34,Forward,21
256,Trumann Middleweek,48,Arsenal,Vietnam,24,Forward,17
257,Ogden Lassey,1,Bayren Munich,Czech Republic,30,Defender,17
258,Antoni Yanele,34,Bayren Munich,Canada,23,Midfielder,7
259,Marabel Vasilmanov,6,Chelsea,France,28,Defender,33
260,Layla Gabler,23,Bayren Leverkusen,Russia,19,Forward,50
261,Elnora Preuvost,49,Manchester City,Nigeria,38,Defender,0
262,Adrea Drews,26,Tottenham,Sweden,26,Midfielder,39
263,Alena Jakeman,26,Leipzig,China,39,Defender,29
264,Gilbertina Folland,20,Bayren Munich,China,24,Forward,11
265,Faber Cleatherow,45,Everton,United States,25,Midfielder,41
266,Dianne Linn,1,Bayren Munich,Vietnam,24,Forward,11
267,Neils Lyfield,13,Bayren Leverkusen,China,36,Forward,17
268,Angie Gillott,11,Bayren Munich,China,27,Midfielder,31
269,Genny Clemenzi,27,Newcastle,Iran,33,Forward,26
270,Klemens Dowd,46,Aston Villa,Mexico,33,Defender,3
271,Glynn Shearme,38,Manchester City,Laos,35,Defender,32
272,Geneva Bowmen,10,Chelsea,Afghanistan,35,Defender,38
273,Zollie Muston,31,Arsenal,Czech Republic,20,Forward,9
274,Angie Ashbey,30,Manchester United,Poland,39,Defender,35
275,Ernest Cirlos,28,Newcastle,Poland,20,Forward,29
276,Nathaniel Wakely,0,Bayren Leverkusen,Kazakhstan,26,Midfielder,49
277,Jeramie Brockman,28,Manchester United,Finland,17,Defender,41
278,Isobel Langfield,24,Newcastle,China,25,Forward,3
279,Marlow Millwall,4,Aston Villa,France,37,Midfielder,26
280,Maiga Dashper,44,Lyon,Argentina,17,Defender,6
281,Parsifal Stiell,20,Manchester United,Myanmar,23,Midfielder,35
282,Tresa Pawsey,46,Bayren Leverkusen,Russia,27,Midfielder,38
283,Roselle Sandbatch,44,Borussia Dortmund,Brazil,22,Defender,41
284,Cyndi Vaughn,18,Liverpool,China,20,Defender,11
285,Ema Demanche,23,Leipzig,New Zealand,35,Defender,33
286,Susanne Capelen,34,Bayren Leverkusen,Portugal,27,Forward,10
287,Teodoor Rubke,38,Manchester United,Japan,32,Defender,44
288,Annalise Featley,16,Tottenham,Afghanistan,17,Midfielder,19
289,Fonzie Ewenson,12,Real Madrid,Norway,33,Midfielder,23
290,Julee Cyphus,7,PSG,Senegal,27,Defender,5
291,Vere Trounson,42,Bayren Leverkusen,Haiti,40,Defender,24
292,Wit Brewitt,33,Tottenham,China,40,Midfielder,47
293,Anthia Trainer,2,Newcastle,Libya,38,Defender,18
294,Farrell Brazenor,20,Newcastle,Mongolia,27,Midfielder,45
295,Fons Volker,11,Bayren Munich,Mexico,36,Defender,49
296,Worth Coucha,49,Seattle Sounders,China,22,Defender,23
297,Ardelle Deering,32,PSG,Greece,33,Defender,38
298,Gabie Willment,24,Manchester United,South Korea,27,Midfielder,19
299,Breanne Irvine,8,Aston Villa,China,28,Midfielder,32
300,Hildy Standrin,16,Seattle Sounders,Finland,40,Forward,22
301,Perren Simanenko,3,Tottenham,Russia,36,Midfielder,4
302,Loy Laye,15,Barcelona,China,17,Midfielder,15
303,Iolande Carlesso,32,Aston Villa,Portugal,28,Defender,45
304,Bethina Ghidoli,10,Bayren Munich,Ecuador,31,Defender,46
305,Izaak Gyde,39,Leipzig,Brazil,20,Forward,46
306,Maris Pikesley,45,Barcelona,Hungary,22,Midfielder,13
307,Richy Bosson,44,Leipzig,Russia,27,Forward,50
308,Nathan Bainbridge,41,Liverpool,China,25,Midfielder,42
309,Marcelo Gilleson,10,Bayren Munich,China,20,Midfielder,19
310,Gallagher McKiddin,21,Monaco,Russia,34,Forward,14
311,Aila Spowart,11,Manchester United,Colombia,22,Midfielder,48
312,Konstanze Manon,8,Real Madrid,Nigeria,31,Midfielder,41
313,Maitilde Prinett,12,Bayren Leverkusen,Spain,27,Defender,45
314,Brietta Prattington,30,Leipzig,Indonesia,35,Forward,19
315,Garrot Bruhnke,3,Manchester United,Tanzania,23,Midfielder,4
316,Ky Chamberlayne,4,Newcastle,China,19,Midfielder,8
317,Rochell Albrook,33,Everton,Indonesia,35,Forward,16
318,Joelynn Axelby,38,Chelsea,North Korea,24,Defender,37
319,Mendie Tobin,44,Seattle Sounders,China,25,Forward,20
320,Jarib Davis,11,Leipzig,Indonesia,32,Forward,1
321,Mildrid Cristofolini,24,Liverpool,Guatemala,27,Forward,4
322,Elisha Elce,48,Barcelona,Germany,35,Midfielder,19
323,Hillier Whatman,18,Aston Villa,Colombia,21,Forward,25
324,Augustina Dabnor,20,Newcastle,Vietnam,25,Forward,31
325,Alasdair Hourahan,39,Everton,China,35,Defender,43
326,Nancey Meys,0,Manchester City,France,24,Forward,4
327,Tessi Timson,36,Leipzig,Indonesia,27,Forward,30
328,Elissa Humburton,0,Real Madrid,Tajikistan,34,Defender,3
329,Farra Marshfield,26,Bayren Munich,Belarus,30,Midfielder,31
330,Bliss Barnsdale,7,Manchester United,China,31,Defender,11
331,Sylvan Lathom,12,Barcelona,Vietnam,27,Defender,14
332,Agustin Elan,11,Arsenal,Indonesia,17,Midfielder,10
333,Noland Quartly,37,Bayren Leverkusen,Japan,35,Forward,4
334,Garnet Rosendahl,10,Monaco,Mozambique,31,Forward,19
335,Mandie Foch,22,Tottenham,Russia,22,Midfielder,1
336,Mikol Peatman,16,Bayren Leverkusen,United States,27,Midfielder,42
337,Nico Ragsdall,15,Barcelona,Indonesia,22,Midfielder,28
338,Charmane Overshott,25,Manchester City,Zambia,20,Forward,11
339,Vilhelmina Vasilyevski,42,Chelsea,France,29,Defender,3
340,Matelda Eversley,31,Manchester United,Czech Republic,29,Defender,27
341,Aube Macbeth,1,Bayren Munich,Tunisia,26,Midfielder,2
342,Gweneth Coats,11,Manchester City,Indonesia,35,Midfielder,40
343,Tommie Richford,19,Aston Villa,China,32,Defender,35
344,Bren Teenan,14,Lyon,China,35,Defender,21
345,Forbes Corsor,38,Arsenal,Russia,25,Midfielder,22
346,Alethea Fleet,40,Manchester City,Indonesia,18,Midfielder,14
347,Tim Dimitrie,35,Newcastle,China,28,Forward,6
348,Logan Tuppeny,18,Barcelona,Nicaragua,33,Forward,7
349,Bettina Deetlefs,7,Aston Villa,Bulgaria,36,Defender,7
350,Guinna MacCarter,15,Lyon,Cuba,36,Forward,4
351,Everard Grolmann,40,Borussia Dortmund,South Africa,39,Midfielder,22
352,Ronny Gladdor,32,PSG,Czech Republic,38,Forward,33
353,Harmonia Sterman,17,Chelsea,Sweden,33,Forward,50
354,Trevor Sidsaff,0,Manchester City,Indonesia,17,Midfielder,16
355,Julio Squirrell,49,Real Madrid,China,37,Forward,12
356,Clarisse Tessington,47,Aston Villa,Peru,36,Midfielder,26
357,Meris Liversidge,24,PSG,Norway,22,Midfielder,14
358,Sargent Pasley,16,Aston Villa,Ecuador,34,Defender,44
359,Kathe Rosenblath,39,Tottenham,Philippines,29,Midfielder,32
360,Loreen Risom,15,Barcelona,China,30,Midfielder,4
361,Vern Schankel,12,Seattle Sounders,Syria,19,Forward,31
362,Lou Vauter,30,Bayren Leverkusen,Indonesia,37,Midfielder,17
363,Lyndsey Maharg,30,Real Madrid,Peru,25,Midfielder,40
364,Lolita Jollie,22,Lyon,China,21,Defender,10
365,Dyane Gransden,30,Chelsea,Poland,39,Defender,47
366,Frasier O'Mullally,13,Aston Villa,Ukraine,32,Forward,13
367,Granville Gales,34,Seattle Sounders,Indonesia,31,Defender,4
368,Shelagh Rollo,43,Borussia Dortmund,Brazil,29,Forward,16
369,Anica Haldon,15,Barcelona,Luxembourg,22,Midfielder,35
370,Diane-marie Stirrup,34,Lyon,Russia,39,Midfielder,17
371,Pamela De La Coste,19,Real Madrid,Russia,29,Midfielder,0
372,Amalie Mion,17,Monaco,Russia,22,Defender,21
373,Augustine Galway,48,Borussia Dortmund,Benin,31,Defender,28
374,Tedi Guyon,20,Chelsea,Tunisia,21,Midfielder,6
375,Janos Chasemore,27,Newcastle,Iran,36,Forward,25
376,Glenine Loudiane,8,PSG,Russia,33,Defender,34
377,Rene Lewin,5,Manchester United,China,23,Midfielder,36
378,Conant Arundel,16,Everton,China,19,Forward,50
379,Meryl Dallison,28,PSG,Brazil,25,Forward,0
380,Nataniel Jeannesson,2,Leipzig,Indonesia,40,Forward,22
381,Stevana Fideler,0,Bayren Leverkusen,Switzerland,33,Defender,16
382,Linzy McKniely,8,Newcastle,Brazil,33,Midfielder,42
383,Tito Luparti,16,PSG,Portugal,18,Midfielder,4
384,Aleksandr Klus,30,Liverpool,China,34,Defender,47
385,Britni Elwin,39,Monaco,Bangladesh,29,Midfielder,46
386,Virgie Kington,27,Manchester City,Brazil,39,Forward,6
387,Damita Tschiersch,26,PSG,China,37,Midfielder,24
388,Susana Tillard,31,Newcastle,China,34,Forward,37
389,Imogene Janovsky,35,Manchester United,Kiribati,33,Midfielder,34
390,Merv Woodroofe,27,Tottenham,Pakistan,31,Defender,4
391,Kayla Knevet,21,PSG,China,17,Midfielder,37
392,Louie Stuckow,1,Tottenham,Portugal,33,Midfielder,31
393,Demetria Coon,34,Newcastle,Indonesia,29,Forward,0
394,Fern Fedorchenko,8,Lyon,Ukraine,40,Midfielder,49
395,Morgen Sowray,35,Manchester City,Albania,37,Defender,27
396,Miriam Steele,12,Borussia Dortmund,Ireland,38,Defender,48
397,Gui Gerred,4,Monaco,Ukraine,20,Midfielder,37
398,Emery La Padula,36,Everton,Iran,27,Midfielder,46
399,Shaylyn Smythe,45,Leipzig,Mauritius,22,Forward,28
400,Christen MacRory,34,Newcastle,Peru,34,Midfielder,42
401,Bendite Wimpey,20,Barcelona,China,22,Defender,36
402,Maribeth Vellacott,49,Manchester United,Sweden,25,Forward,15
403,Selie Nosworthy,6,Bayren Leverkusen,Cuba,18,Midfielder,39
404,Mirella Gilbody,49,Lyon,China,22,Midfielder,44
405,Miriam Oleshunin,14,Arsenal,France,24,Defender,39
406,Caty Linfield,29,Bayren Munich,China,38,Midfielder,34
407,Judy Bonnar,17,Borussia Dortmund,Indonesia,35,Midfielder,19
408,Alyson Gillbe,11,Manchester United,Sweden,28,Defender,11
409,Allsun Pinke,10,Aston Villa,Sweden,27,Forward,18
410,Merrilee McKevitt,49,Chelsea,Sweden,24,Forward,38
411,Miguelita Causley,13,Real Madrid,Uzbekistan,18,Midfielder,25
412,Townie Bridie,40,Leipzig,Indonesia,34,Midfielder,2
413,Jordanna Garrison,5,Bayren Munich,China,36,Forward,4
414,Ara Yakov,28,Bayren Leverkusen,Indonesia,23,Forward,24
415,Caryl Keeffe,39,Chelsea,Indonesia,24,Defender,2
416,Norah Vaisey,38,Leipzig,Brazil,40,Midfielder,29
417,Fransisco Noulton,38,Manchester City,Czech Republic,19,Midfielder,5
418,Tandie Madgwich,25,Real Madrid,Mozambique,36,Forward,37
419,Elvis Beisley,5,Seattle Sounders,China,36,Defender,37
420,Caroljean Kroger,19,PSG,China,29,Defender,8
421,Geneva Penke,12,Newcastle,Germany,39,Midfielder,2
422,Leora Elderkin,23,Everton,Brazil,32,Forward,12
423,Lacie Brandle,45,Manchester United,Argentina,22,Forward,28
424,Daria Wilmore,15,Aston Villa,Madagascar,27,Forward,48
425,Cherlyn McGilbon,32,Newcastle,China,28,Forward,12
426,Roxie Punt,25,PSG,Brazil,25,Forward,20
427,Hazel Kenryd,37,Aston Villa,Bulgaria,25,Defender,20
428,Bay Hamblett,0,Barcelona,Ukraine,24,Defender,45
429,Conan Pietesch,3,Seattle Sounders,Philippines,26,Midfielder,48
430,Flore Bubbear,48,Tottenham,Indonesia,38,Defender,21
431,Floria Garlinge,4,Newcastle,Sweden,30,Forward,24
432,Selby Hessenthaler,23,PSG,Argentina,17,Defender,23
433,Gardie Visick,17,Real Madrid,Malaysia,28,Forward,41
434,Yale Lermit,40,Barcelona,Serbia,31,Forward,36
435,Carlie Murdy,37,Manchester City,Colombia,18,Forward,28
436,Towny Pipkin,7,Everton,Malaysia,35,Defender,44
437,Gawen Kirsop,43,Chelsea,Kazakhstan,39,Midfielder,13
438,Patrice Eglin,14,Manchester United,Brazil,34,Defender,28
439,Kenton Wintour,35,Monaco,Thailand,21,Forward,20
440,Toby Blight,12,Borussia Dortmund,Canada,31,Forward,49
441,Mahala Blunderfield,40,Bayren Munich,Sri Lanka,21,Forward,50
442,Ozzie Longden,4,PSG,Poland,19,Forward,19
443,Joanne Kabisch,21,Everton,Japan,36,Defender,0
444,Salomon Canlin,0,Manchester United,Cuba,20,Defender,38
445,Fleurette Thomen,1,Liverpool,China,32,Midfielder,14
446,Roderigo Moorman,39,PSG,China,22,Defender,44
447,Wake Nana,17,Manchester United,Indonesia,19,Forward,28
448,Jayne Lofty,1,Manchester United,Czech Republic,40,Defender,30
449,Carmita Burwood,42,Bayren Munich,Bulgaria,25,Midfielder,3
450,Harv Tribble,0,Manchester United,United States,29,Midfielder,43
451,Jorge Clancy,9,Real Madrid,Poland,37,Midfielder,47
452,Melinde Huckfield,6,Chelsea,Czech Republic,25,Forward,24
453,Ari MacAne,40,Real Madrid,Poland,24,Midfielder,36
454,Aubrey Petworth,4,Barcelona,Canada,21,Midfielder,16
455,Chauncey Rotham,33,Manchester United,Ethiopia,36,Forward,32
456,Katerine Duthie,25,Arsenal,China,35,Defender,0
457,Saudra Burborough,18,Aston Villa,China,30,Defender,22
458,Kendre Finneran,6,Newcastle,China,26,Defender,12
459,Guy Cardenas,22,Barcelona,Philippines,29,Midfielder,40
460,Herrick Lenglet,0,Newcastle,Serbia,28,Defender,41
461,Darby Perrington,16,Leipzig,Tajikistan,24,Midfielder,22
462,Bealle Muckley,35,Bayren Munich,Ivory Coast,38,Forward,27
463,Amaleta Cowx,15,Barcelona,Colombia,30,Defender,26
464,Joel Hadland,3,Leipzig,Norway,38,Defender,22
465,Neils Bidnall,4,Everton,China,34,Defender,14
466,Fax Leades,42,Leipzig,Australia,25,Forward,12
467,Dougy Schindler,22,Leipzig,China,29,Forward,20
468,Land Arton,25,Chelsea,Ethiopia,23,Defender,10
469,Cesare Pashe,28,Arsenal,Burkina Faso,30,Midfielder,18
470,Rooney Adie,19,Barcelona,Colombia,28,Forward,11
471,Waiter Gabbatt,17,PSG,Indonesia,30,Forward,38
472,Torrey Boddam,16,Bayren Leverkusen,China,40,Forward,42
473,Eba Athridge,32,Bayren Munich,Albania,31,Forward,4
474,Faythe Hubach,38,Manchester City,Armenia,24,Defender,32
475,Darcy Simakov,19,Monaco,Indonesia,18,Midfielder,0
476,Hugues Catanheira,10,Seattle Sounders,Ukraine,24,Defender,41
477,Devin MacIntyre,40,Bayren Leverkusen,Denmark,24,Midfielder,40
478,Gasparo Austin,24,Aston Villa,Russia,30,Midfielder,0
479,Bill Major,15,Manchester City,Sweden,33,Defender,46
480,Zacharias Older,35,Lyon,Indonesia,34,Defender,26
481,Giraldo Kalkofen,9,Borussia Dortmund,Venezuela,17,Forward,27
482,Jasmin Pearce,45,Borussia Dortmund,China,26,Defender,25
483,Gardner Kilmary,26,Lyon,Vietnam,26,Defender,34
484,Adriaens Scarlin,10,Liverpool,Panama,28,Midfielder,25
485,Kerrie Kasper,14,Tottenham,China,38,Midfielder,45
486,Bogart Brooksbank,48,Monaco,Malta,21,Defender,44
487,Mariam Wheeler,48,Newcastle,Japan,17,Midfielder,16
488,Armando O'Ferris,25,Bayren Munich,Vietnam,40,Forward,13
489,Ches Roxburch,46,Arsenal,Greece,37,Forward,18
490,Anabal Speers,43,Liverpool,Indonesia,37,Forward,1
491,Jenny Limb,19,Real Madrid,Portugal,39,Midfielder,19
492,Bennie Corona,6,PSG,China,31,Defender,13
493,Hyacinthia Grooby,39,Seattle Sounders,Portugal,23,Midfielder,38
494,Petronille Bonas,15,Aston Villa,Philippines,37,Midfielder,43
495,Wilhelmine Mahady,44,Bayren Munich,Sweden,36,Midfielder,31
496,Rowena Adran,13,PSG,Niger,27,Midfielder,34
497,Bucky Foot,36,Arsenal,Ukraine,28,Defender,3
498,Shelbi Victoria,16,Borussia Dortmund,China,36,Midfielder,16
499,Noby Dovidaitis,31,Borussia Dortmund,Indonesia,39,Midfielder,11
500,Dilly Rought,13,Manchester City,Indonesia,19,Forward,46
501,Lari Hodcroft,47,PSG,Russia,40,Defender,38
502,Teressa Carletti,47,Everton,China,21,Midfielder,19
503,Kathye Signe,50,Lyon,China,32,Midfielder,21
504,Carline Leeke,6,Arsenal,Ukraine,17,Forward,9
505,Fanni Matushevich,20,Liverpool,Israel,36,Midfielder,14
506,Kameko O'Kuddyhy,45,Tottenham,Indonesia,17,Defender,15
507,Diandra Farrall,39,Bayren Leverkusen,Indonesia,17,Forward,7
508,Fanny Wraxall,24,Liverpool,Indonesia,17,Midfielder,31
509,Rice Havard,18,PSG,Yemen,36,Defender,21
510,Kirby Moakler,19,Leipzig,China,21,Midfielder,19
511,Wood Peche,22,Arsenal,Brazil,31,Midfielder,28
512,Nev Romi,42,Everton,United Kingdom,36,Forward,44
513,Barbie Gooda,12,Manchester City,Albania,29,Midfielder,9
514,Ola Mellsop,19,Manchester United,China,35,Defender,45
515,Rufe Johnston,35,Everton,South Africa,37,Forward,26
516,Hartley Santarelli,2,Bayren Leverkusen,Philippines,36,Forward,5
517,Meyer McComiskey,24,Lyon,Russia,29,Midfielder,30
518,Daria Growcock,39,Arsenal,China,31,Defender,43
519,Gwenneth Sherington,50,Borussia Dortmund,Tunisia,23,Forward,11
520,Meredeth Humes,46,Tottenham,Lithuania,25,Forward,34
521,Suellen Challoner,40,Barcelona,Qatar,33,Midfielder,1
522,Valaria McCoid,14,Manchester City,France,33,Defender,7
523,Marietta Hallihan,6,Manchester United,Sweden,26,Forward,12
524,Tammara Koppen,23,Bayren Leverkusen,Ukraine,29,Forward,9
525,Annnora Riccione,18,Newcastle,Brazil,36,Midfielder,50
526,Rochell Bernadot,20,Everton,Honduras,25,Defender,20
527,Evey Bohje,37,PSG,Indonesia,35,Forward,42
528,Frank Mowbury,8,Bayren Munich,Indonesia,33,Midfielder,30
529,Willamina Baldocci,46,Bayren Munich,Portugal,24,Forward,8
530,Glenda Pullinger,26,Seattle Sounders,China,29,Forward,8
531,Laney Shwalbe,40,Aston Villa,Indonesia,17,Midfielder,37
532,Evaleen Posten,11,Barcelona,Portugal,31,Midfielder,46
533,Kaye Kewish,25,PSG,Vietnam,25,Midfielder,49
534,Tommie Bellchamber,25,Tottenham,Vietnam,28,Midfielder,36
535,Hedvig Bankes,40,Real Madrid,Afghanistan,26,Midfielder,15
536,Berget Alben,21,Seattle Sounders,China,37,Defender,10
537,Marco Lambe,13,Bayren Leverkusen,Spain,35,Defender,45
538,Addie Adolf,16,Seattle Sounders,Afghanistan,18,Forward,11
539,Geraldine Hawtrey,25,Manchester City,China,20,Forward,23
540,Brita Lott,22,Bayren Munich,Nigeria,28,Forward,20
541,Huey Skeldinge,48,Lyon,Costa Rica,34,Midfielder,23
542,Syman Lethieulier,23,Manchester City,Poland,40,Defender,18
543,Kort Greim,25,Aston Villa,Nigeria,40,Defender,38
544,Leonore Paprotny,5,Lyon,Uganda,29,Defender,13
545,Catha Kingdon,28,Chelsea,Portugal,37,Midfielder,25
546,Adrianna Tomczynski,20,Bayren Munich,Poland,18,Midfielder,17
547,Carly Fettes,39,Bayren Leverkusen,Greece,37,Forward,41
548,Beret Abrehart,7,Monaco,Ukraine,30,Forward,1
549,Colleen Cazalet,11,Arsenal,China,26,Defender,34
550,Gerry Dumper,21,Lyon,Philippines,20,Midfielder,13
551,Jazmin Suett,10,Chelsea,China,24,Forward,15
552,Abigail Trunchion,16,Seattle Sounders,Nicaragua,17,Forward,22
553,Marcie Parkman,23,Borussia Dortmund,Thailand,31,Defender,12
554,Philbert Grahlmans,36,PSG,China,20,Defender,26
555,Magdaia Yannoni,12,Aston Villa,Russia,38,Forward,43
556,Cletis Hekkert,42,Chelsea,Mexico,27,Defender,39
557,Kalvin Gretham,21,Real Madrid,France,21,Midfielder,1
558,Mill Bassano,42,Lyon,Kuwait,33,Midfielder,19
559,Thorpe Cumberland,17,Real Madrid,France,37,Defender,47
560,Mollie Griswood,5,Manchester City,Russia,24,Forward,18
561,Nappie Prettyjohns,10,Aston Villa,Northern Mariana Islands,39,Midfielder,49
562,Carlie Blumire,37,Arsenal,Indonesia,31,Defender,5
563,Brocky Bagwell,23,Lyon,China,27,Defender,21
564,Prentice Niave,9,Tottenham,Germany,33,Defender,22
565,Jacky Mathissen,7,Barcelona,Philippines,28,Forward,33
566,Mickey Schapiro,19,Real Madrid,Thailand,39,Defender,15
567,Emelyne Luscombe,27,PSG,Sweden,29,Defender,28
568,Gottfried Wehden,3,Chelsea,Indonesia,37,Forward,40
569,Lena Rivalant,6,Newcastle,Democratic Republic of the Congo,37,Forward,3
570,Malinda Bee,25,Bayren Munich,Indonesia,18,Midfielder,41
571,Lorrie Celes,25,Seattle Sounders,Albania,37,Defender,34
572,Jerald Mawdsley,6,PSG,China,25,Forward,18
573,Eleonora Shailer,4,Barcelona,Russia,37,Midfielder,49
574,Melony Dumingos,37,PSG,Japan,30,Midfielder,15
575,Ward Gerdts,25,Everton,Indonesia,27,Forward,21
576,Ody Simioli,4,Everton,Russia,27,Defender,29
577,Junie Child,31,Leipzig,China,27,Forward,30
578,Kimberly Downgate,40,Seattle Sounders,Philippines,20,Defender,49
579,Arte Manley,17,Monaco,Thailand,27,Defender,48
580,Whitman Hise,22,Chelsea,Portugal,29,Forward,15
581,Gino Redmain,37,Manchester United,China,30,Midfielder,7
582,Dre Tollmache,31,Barcelona,Nigeria,27,Midfielder,29
583,Carleton Cappleman,14,Bayren Leverkusen,Sweden,34,Forward,2
584,Adamo Micheu,37,Manchester United,Kazakhstan,38,Forward,38
585,Con Moorcroft,41,Tottenham,Indonesia,40,Defender,34
586,Margie Mugglestone,17,Aston Villa,China,19,Forward,47
587,Brigitta Di Maria,34,Lyon,Philippines,17,Defender,46
588,Rosella Coopland,27,Bayren Leverkusen,Egypt,40,Defender,23
589,Benita Fones,46,Seattle Sounders,Denmark,17,Defender,37
590,Ortensia Dysert,50,Leipzig,Ireland,26,Defender,48
591,Artemus Tidridge,46,Aston Villa,Dominican Republic,30,Defender,16
592,Ellynn Habershaw,43,Barcelona,Philippines,32,Midfielder,11
593,Jeniffer Aldham,4,Seattle Sounders,China,25,Midfielder,38
594,Sterling Frood,32,Manchester City,Indonesia,29,Defender,5
595,Marga Bodega,35,Arsenal,Philippines,32,Midfielder,2
596,Artair Croizier,22,Newcastle,Sweden,39,Midfielder,8
597,Jenifer Brouard,3,Monaco,Greece,30,Midfielder,25
598,Irma Evelyn,8,Tottenham,Morocco,19,Forward,0
599,Clare Shakelady,29,Leipzig,Poland,17,Midfielder,9
600,Gerty Vampouille,44,Bayren Leverkusen,France,37,Midfielder,8
601,Alisa Andino,39,Liverpool,United States,30,Midfielder,19
602,Aggi Brough,13,PSG,Philippines,29,Midfielder,6
603,Cybil Peirson,0,Seattle Sounders,Indonesia,17,Forward,40
604,Maximo Verbrugghen,42,Leipzig,China,35,Midfielder,48
605,Gustavus Sevitt,39,Everton,Macedonia,34,Defender,19
606,Lock Dunbleton,2,Liverpool,Hungary,36,Midfielder,1
607,Verge Iacobetto,48,Everton,Brazil,22,Forward,3
608,Chandler Borrows,25,Arsenal,Croatia,32,Forward,0
609,Gauthier Pither,41,Lyon,Saudi Arabia,30,Defender,37
610,Halette Shew,50,Borussia Dortmund,Ghana,40,Defender,25
611,Humphrey Sixsmith,45,PSG,Honduras,21,Defender,14
612,Nara Trude,25,Borussia Dortmund,Armenia,34,Defender,7
613,Ida Marke,48,Arsenal,Indonesia,35,Defender,26
614,Orly Seman,7,Newcastle,Nicaragua,40,Forward,17
615,Wallas Hurdiss,43,Real Madrid,Brazil,30,Defender,35
616,Star Le Pruvost,26,Borussia Dortmund,Maldives,25,Defender,4
617,Suzette Bohden,28,Leipzig,Japan,22,Defender,47
618,Shelbi McCrory,1,Arsenal,Brazil,29,Forward,28
619,Nicolina Kennon,16,Real Madrid,Chile,17,Forward,43
620,Sarene Pecht,48,Newcastle,Burkina Faso,29,Midfielder,49
621,Raven Hunting,28,Borussia Dortmund,Nigeria,38,Defender,22
622,Franny Vannuccinii,20,Real Madrid,China,29,Forward,30
623,Monte Galego,27,PSG,China,23,Defender,38
624,Annetta Mangham,12,Tottenham,Hungary,39,Forward,27
625,Doug Labeuil,44,Chelsea,Russia,20,Defender,18
626,Krisha Matej,46,Seattle Sounders,North Korea,24,Midfielder,36
627,Larissa Rosekilly,32,Tottenham,Comoros,26,Forward,31
628,Corey Hannan,31,Chelsea,Guyana,20,Forward,29
629,Nehemiah Dewey,0,Borussia Dortmund,Sri Lanka,30,Defender,30
630,Thacher Canas,43,Bayren Leverkusen,Honduras,21,Midfielder,25
631,Hamnet Paulet,41,Seattle Sounders,Indonesia,34,Midfielder,26
632,Kristel Cattermull,17,Bayren Munich,China,39,Forward,27
633,Port Bienvenu,45,Chelsea,Bangladesh,21,Midfielder,29
634,Elyn Anfosso,3,Liverpool,Venezuela,19,Midfielder,9
635,Peggie Ysson,37,Borussia Dortmund,Brazil,24,Forward,25
636,Manda Beefon,21,Chelsea,Thailand,19,Forward,9
637,Maia Karet,21,Leipzig,Indonesia,36,Forward,41
638,Arluene Gillease,33,Everton,China,29,Defender,17
639,Eustacia Sanbrooke,34,Leipzig,Pakistan,37,Defender,17
640,Alika Longford,48,Newcastle,China,27,Midfielder,30
641,Sallee Tal,34,Arsenal,Pakistan,19,Forward,3
642,Shani Sedgeman,35,Newcastle,Colombia,40,Defender,44
643,Alfredo Coulthard,35,Tottenham,Thailand,22,Forward,35
644,Jacqui Coppock.,33,Arsenal,Russia,18,Defender,24
645,Cary Cleyne,37,PSG,Brazil,36,Defender,2
646,Chickie Acome,9,Lyon,Venezuela,24,Midfielder,13
647,Davis Mennithorp,16,Manchester United,Philippines,30,Forward,26
648,Blakeley Amsberger,17,Leipzig,Norway,34,Midfielder,8
649,Eal Garvagh,19,Leipzig,Russia,23,Forward,32
650,Fidelio Fee,2,Leipzig,Argentina,17,Midfielder,22
651,Ketty Bisterfeld,0,Liverpool,Indonesia,30,Midfielder,6
652,Aloise Gaffer,31,Manchester City,China,24,Forward,2
653,Augustine Cantrill,22,PSG,Macedonia,37,Defender,16
654,Marketa Ladbrooke,29,Barcelona,North Korea,23,Defender,9
655,Mathe Hallworth,41,Real Madrid,Indonesia,36,Defender,4
656,Yelena Welsby,19,Chelsea,China,19,Forward,48
657,Patric MacGille,46,Manchester City,Venezuela,38,Defender,9
658,Margie Skillen,47,Real Madrid,China,26,Forward,32
659,Myrlene Skipton,20,Borussia Dortmund,Peru,17,Forward,33
660,Eilis Pietersma,33,Arsenal,Poland,21,Midfielder,31
661,Gregory Gosford,43,Real Madrid,Indonesia,21,Defender,15
662,Alleyn Saby,27,Bayren Munich,Peru,24,Midfielder,18
663,Marjie Berthon,27,Monaco,Syria,31,Midfielder,17
664,Vi Gamon,18,Newcastle,Slovenia,30,Defender,28
665,Nickie Hamly,22,Aston Villa,Indonesia,25,Defender,49
666,Leona Figura,39,Tottenham,China,35,Defender,16
667,Kevina Dillaway,34,Lyon,Syria,30,Midfielder,24
668,Constantino Wohler,5,Barcelona,Indonesia,27,Midfielder,41
669,Janice Coper,14,Real Madrid,Poland,21,Midfielder,24
670,Johnna Scintsbury,12,Lyon,China,40,Midfielder,39
671,Ophelia Lent,24,Manchester City,Argentina,27,Forward,1
672,Heather Agastina,11,Liverpool,Portugal,21,Forward,2
673,Grant McGavigan,3,Borussia Dortmund,Portugal,38,Defender,26
674,Leeanne Guidi,26,Monaco,Portugal,32,Forward,24
675,Clareta Matschoss,18,Liverpool,Indonesia,21,Forward,28
676,Anallise Offer,31,Tottenham,China,38,Defender,0
677,Marinna Lyfield,0,Everton,France,30,Forward,43
678,Milty Catlow,35,Chelsea,Colombia,22,Midfielder,34
679,Gerhardine Onion,16,Bayren Leverkusen,Philippines,28,Midfielder,20
680,Mickie Weir,13,Seattle Sounders,Ukraine,27,Defender,22
681,Ondrea Kissick,31,Leipzig,Faroe Islands,26,Defender,15
682,Margareta MacCracken,43,Borussia Dortmund,Poland,35,Defender,17
683,Anita Buey,18,Bayren Leverkusen,Venezuela,38,Defender,41
684,Aurelie Mapes,32,Aston Villa,China,37,Forward,8
685,Samantha Hanselmann,2,Bayren Leverkusen,Indonesia,34,Defender,20
686,Lilla Pittham,11,Real Madrid,Russia,20,Midfielder,47
687,Doll Drysdale,23,Everton,Brazil,34,Forward,7
688,Del Yabsley,22,Seattle Sounders,Syria,33,Defender,20
689,Gregorio Assad,6,Arsenal,Colombia,26,Midfielder,22
690,Ignace Winthrop,37,Everton,Brazil,20,Forward,42
691,Georgette Waudby,20,Leipzig,Uganda,17,Forward,10
692,Kendall Waywell,45,Leipzig,Ivory Coast,31,Defender,38
693,Lisetta Endley,24,Real Madrid,Indonesia,34,Defender,45
694,Alene Corck,10,Aston Villa,China,23,Forward,35
695,Lloyd Barbrook,4,Leipzig,Philippines,33,Midfielder,7
696,Dru Kienlein,2,Leipzig,Ukraine,39,Forward,17
697,Ellynn Jan,15,Arsenal,China,38,Midfielder,35
698,Tilly Ubsdell,29,Newcastle,China,22,Midfielder,24
699,Moore Forker,33,Tottenham,Bosnia and Herzegovina,36,Forward,33
700,Lisle Nozzolinii,24,Manchester City,China,22,Forward,5
701,Cull Fullager,28,Leipzig,Russia,30,Defender,50
702,Yetty Okenden,41,Manchester United,Peru,37,Defender,6
703,Welsh Lycett,9,Real Madrid,Portugal,33,Forward,18
704,Crysta Frohock,48,Liverpool,Myanmar,36,Midfielder,33
705,Brock Volk,0,Manchester City,Brazil,30,Defender,8
706,Franchot Mac Giolla Pheadair,15,Tottenham,Libya,18,Defender,4
707,Rowe Pickaver,50,Newcastle,South Africa,32,Midfielder,46
708,Harcourt Sweet,41,Monaco,South Africa,30,Midfielder,8
709,Faye Cline,12,Lyon,Poland,37,Forward,49
710,Jazmin Critten,20,Manchester United,Myanmar,20,Midfielder,41
711,Adriaens Laidler,4,Tottenham,United States,26,Forward,6
712,Christian Jaszczak,5,Newcastle,Honduras,29,Defender,8
713,Hilton Yokley,26,Leipzig,Netherlands,31,Forward,40
714,Harriott Reddy,15,Newcastle,United States,21,Forward,28
715,Jena Peirson,42,Tottenham,Indonesia,23,Forward,12
716,Xylina Addicote,11,Bayren Leverkusen,Argentina,28,Midfielder,0
717,Anita McTurk,41,Manchester City,Bangladesh,34,Defender,23
718,Faye Mosey,40,Seattle Sounders,Portugal,34,Defender,24
719,Leland Stollmeyer,15,Everton,China,21,Defender,29
720,Alene Skerm,42,PSG,China,27,Forward,46
721,Kaiser Nasi,13,Borussia Dortmund,Indonesia,31,Midfielder,48
722,Lynett Pynn,22,Newcastle,Lithuania,32,Forward,26
723,Homer Dunbar,5,Barcelona,Colombia,35,Defender,34
724,Maudie Parram,34,Seattle Sounders,Afghanistan,22,Midfielder,14
725,Letisha Chorlton,34,Manchester United,Russia,27,Midfielder,32
726,Thayne Spiteri,31,Lyon,China,32,Midfielder,28
727,Joya Ginni,47,Tottenham,China,21,Midfielder,17
728,Conni Flaune,50,Tottenham,Philippines,23,Forward,29
729,Aimee Seacroft,3,Real Madrid,Ukraine,17,Midfielder,41
730,Sibel Clilverd,39,Seattle Sounders,Poland,32,Forward,36
731,Katha Macura,29,Everton,Portugal,17,Forward,11
732,Atlanta Doxey,35,Monaco,Indonesia,30,Forward,47
733,Jody Attenborough,12,Manchester City,Ireland,25,Midfielder,27
734,Alvan Bourdice,1,PSG,Poland,18,Forward,25
735,Maxi Prantoni,46,Tottenham,China,40,Defender,13
736,Cassondra Summerley,27,Seattle Sounders,Indonesia,32,Midfielder,35
737,Sybil Tegeller,30,Bayren Munich,Philippines,26,Midfielder,38
738,Idell Spoerl,9,Manchester City,Ghana,40,Defender,48
739,Regine Walklot,27,Everton,Senegal,30,Midfielder,16
740,Abner Stenett,9,Tottenham,Albania,18,Forward,35
741,Kaitlynn Bangley,38,Liverpool,Indonesia,39,Midfielder,45
742,Anthia Domanski,39,Borussia Dortmund,Russia,18,Defender,43
743,Mel Syrett,8,Manchester United,Thailand,27,Midfielder,16
744,Myer Featherstonhaugh,45,Tottenham,Philippines,20,Forward,27
745,Obadiah Lathee,31,Bayren Leverkusen,United States,28,Forward,29
746,Tabbie Vye,44,Manchester United,Nigeria,40,Midfielder,27
747,Lauryn Sharnock,21,Liverpool,Palestinian Territory,19,Defender,30
748,Anthia Coley,50,Arsenal,Indonesia,28,Forward,28
749,Niven Simek,37,PSG,Russia,35,Midfielder,32
750,Tymothy Lufkin,46,PSG,Portugal,30,Defender,38
751,Else Nehls,9,Tottenham,Chile,18,Defender,15
752,Albertine Proger,39,Newcastle,Zimbabwe,19,Forward,3
753,Stinky Langham,50,Borussia Dortmund,United States,23,Forward,37
754,Evvy Noddles,18,Tottenham,China,39,Defender,10
755,Jewell Meriet,48,Liverpool,China,24,Midfielder,48
756,Christoffer Deaville,46,Seattle Sounders,Indonesia,20,Forward,11
757,Clare Emblin,48,Barcelona,Portugal,29,Forward,29
758,Cynthy Aiers,40,Monaco,Poland,18,Midfielder,36
759,Lion Carloni,3,Lyon,China,40,Defender,43
760,Maureen Basso,3,Barcelona,China,22,Defender,45
761,Leonanie Mangeon,9,Manchester City,Serbia,28,Defender,33
762,Osborn Aldcorn,11,Lyon,Russia,26,Forward,29
763,Alyce Revie,17,Manchester United,Philippines,33,Midfielder,26
764,Garald Defty,36,Newcastle,France,36,Midfielder,34
765,Neila Kidston,4,Chelsea,France,37,Defender,40
766,Pierette Pahlsson,13,PSG,China,22,Forward,9
767,Sutton O'Henehan,21,Leipzig,Brazil,35,Defender,7
768,Kirby Parton,18,Borussia Dortmund,France,20,Midfielder,47
769,Felipe Crowd,24,Arsenal,Indonesia,17,Midfielder,2
770,Avigdor Dobey,41,Everton,Peru,37,Forward,18
771,Barron Perren,6,Newcastle,Canada,36,Forward,34
772,Gnni Pulfer,41,Manchester United,Indonesia,35,Midfielder,10
773,Fitzgerald Duker,48,Aston Villa,Slovenia,34,Forward,19
774,Christabel Giovanitti,33,Chelsea,Russia,28,Midfielder,20
775,Jerrie Rolfi,6,Everton,Vietnam,36,Forward,19
776,Corenda Edlin,12,PSG,Lesotho,35,Defender,31
777,Adriane Augur,44,Leipzig,Vietnam,21,Midfielder,18
778,Dosi Gummoe,2,Lyon,China,37,Forward,43
779,Harcourt Fuzzens,47,Manchester United,Saudi Arabia,18,Forward,5
780,Delcine Hundley,4,Borussia Dortmund,Iraq,36,Midfielder,45
781,Vin Shillitto,28,Bayren Munich,China,23,Midfielder,14
782,Walliw Burleigh,49,Manchester United,China,21,Defender,10
783,Maxy Howlin,9,Seattle Sounders,China,31,Forward,36
784,Orelle Keuning,22,Lyon,Vietnam,36,Forward,14
785,Marysa McCard,34,Manchester City,Malta,31,Defender,44
786,Leonid Hanstock,6,Bayren Leverkusen,Japan,30,Defender,47
787,Josy McElhargy,17,Leipzig,Brazil,20,Forward,3
788,Cosmo Shawel,48,Tottenham,Colombia,36,Defender,50
789,Paulie D'Avaux,26,Borussia Dortmund,Argentina,30,Forward,40
790,Rudie Gooderridge,31,Everton,Finland,28,Defender,10
791,Dyanne Buckberry,32,Borussia Dortmund,Poland,18,Defender,18
792,Marabel Oglevie,49,Arsenal,Russia,22,Midfielder,12
793,Dory Malec,28,Seattle Sounders,Serbia,31,Defender,10
794,Bourke Assard,0,Monaco,Turkey,39,Defender,24
795,Rey Dufaire,20,Aston Villa,Japan,28,Forward,27
796,Staffard Kyte,46,Tottenham,France,25,Forward,27
797,Jourdan MacWhan,1,Bayren Munich,Poland,29,Forward,13
798,Jakob Kennford,18,Barcelona,Colombia,17,Midfielder,1
799,Simeon Belf,6,Manchester United,Portugal,21,Midfielder,3
800,Lyon Espinoza,38,Chelsea,Portugal,31,Forward,5
801,Gerda Foreman,50,Everton,Colombia,18,Midfielder,6
802,Fanchette Govett,25,Real Madrid,Portugal,33,Midfielder,5
803,Conny Parnall,12,PSG,China,24,Midfielder,40
804,Carmelina Muldownie,3,Manchester United,Brazil,31,Midfielder,37
805,Zachery Oventon,24,Monaco,Indonesia,22,Midfielder,6
806,Deloria Abramino,6,Bayren Leverkusen,Peru,39,Forward,35
807,Emmerich Crankhorn,30,Manchester City,Peru,37,Forward,38
808,Bessie Murcutt,22,Barcelona,Indonesia,39,Defender,37
809,Desiri Jirik,13,Real Madrid,France,24,Midfielder,35
810,Vinni Timewell,39,Manchester City,Japan,18,Forward,45
811,Pavel Kenen,9,Lyon,China,25,Forward,40
812,Bartholemy Hackinge,5,Barcelona,Czech Republic,35,Midfielder,13
813,Vanessa Begbie,45,Aston Villa,Argentina,34,Forward,1
814,Torry Danford,37,Seattle Sounders,Indonesia,39,Defender,7
815,Staford Olyunin,13,Manchester United,Poland,37,Forward,40
816,Johnny Lacroux,17,Liverpool,China,25,Forward,4
817,Elie McCaster,17,Newcastle,United States,35,Defender,49
818,Florida Denison,43,Tottenham,Indonesia,39,Forward,44
819,Gene Jandac,44,Seattle Sounders,China,23,Midfielder,47
820,Mitchel Ramard,32,Arsenal,Dominican Republic,18,Defender,28
821,Corette Nobbs,36,Manchester United,China,34,Midfielder,11
822,Xylina Traise,7,PSG,Indonesia,26,Forward,18
823,Rosene Gude,14,Manchester City,Palestinian Territory,28,Midfielder,44
824,Lynett Copcott,7,Newcastle,Poland,17,Defender,37
825,Gusty King,48,Arsenal,China,23,Defender,6
826,Wildon Maffi,37,Barcelona,China,33,Midfielder,14
827,Krystyna Hitter,9,Chelsea,Ukraine,28,Midfielder,13
828,Devon Murt,22,Manchester City,Burkina Faso,36,Defender,42
829,Lynnette McIlhagga,11,Manchester United,United States,39,Forward,8
830,Linus Cheyney,24,Bayren Leverkusen,Philippines,31,Midfielder,36
831,Bradly Westfield,41,Real Madrid,China,25,Defender,5
832,Kiri Hurleston,15,Lyon,Jordan,37,Forward,25
833,Violette Rookes,14,Manchester City,China,31,Forward,7
834,Alameda Oneal,43,Everton,Mexico,32,Defender,46
835,Lizbeth Perch,37,Bayren Leverkusen,Slovenia,35,Forward,21
836,Massimiliano Thunderman,50,Monaco,Indonesia,37,Defender,6
837,Esme Girard,31,Manchester City,Sweden,17,Defender,27
838,Ulrica Pearmain,49,Barcelona,Mongolia,22,Forward,30
839,Katine Wallace,18,Manchester City,China,34,Defender,24
840,Ericha Aspling,29,Leipzig,Nicaragua,39,Forward,10
841,Lizbeth St. Queintain,23,Real Madrid,France,19,Midfielder,3
842,Hadria Malley,25,Liverpool,Tanzania,24,Defender,31
843,Sal Bradley,25,Manchester City,Philippines,22,Forward,35
844,Damita Bugdell,47,Chelsea,Finland,17,Defender,27
845,Sherrie Sagerson,9,Arsenal,Indonesia,33,Forward,17
846,Isahella Aspy,28,Everton,Colombia,22,Midfielder,43
847,Audy Sullly,47,Barcelona,China,35,Forward,26
848,Thomasa Landis,13,Seattle Sounders,Indonesia,33,Midfielder,23
849,Leeann Dory,9,Bayren Munich,Indonesia,38,Defender,36
850,Chrotoem Spurier,38,Real Madrid,Ukraine,31,Defender,5
851,Guido Kippie,0,Bayren Leverkusen,Spain,27,Midfielder,25
852,Rivy Causley,14,Aston Villa,China,28,Forward,35
853,Max Langthorne,19,Everton,China,18,Midfielder,30
854,Sorcha Laydon,38,Lyon,Sweden,35,Defender,25
855,Sander Gerish,34,Borussia Dortmund,Russia,27,Defender,47
856,Cherilynn Sillitoe,50,Seattle Sounders,Russia,32,Defender,37
857,Merv Blake,38,Bayren Leverkusen,Philippines,38,Defender,10
858,Graehme Lutas,20,Seattle Sounders,China,26,Defender,43
859,Jameson Wallsworth,13,Aston Villa,Brazil,18,Midfielder,47
860,Kelci Maccrea,18,Arsenal,Afghanistan,39,Forward,29
861,Orelia Tanti,10,Lyon,Indonesia,38,Midfielder,0
862,Camala Mewrcik,8,Newcastle,China,31,Forward,48
863,Klarrisa Leicester,23,Liverpool,Portugal,36,Defender,24
864,Krissie Kleeborn,12,Bayren Leverkusen,Indonesia,17,Forward,37
865,Romain Sole,44,Liverpool,Philippines,25,Defender,40
866,Sheppard Romero,44,Monaco,Japan,33,Midfielder,21
867,Kayne Rubinovitch,11,Borussia Dortmund,Poland,33,Midfielder,39
868,Findlay Lafford,34,PSG,Sweden,28,Defender,49
869,Rozella Speedin,21,Chelsea,Czech Republic,31,Forward,35
870,Marti Reneke,13,Seattle Sounders,United States,25,Defender,15
871,Lora Overill,28,Leipzig,Guatemala,23,Defender,1
872,Sybil Puddicombe,0,Real Madrid,China,34,Midfielder,29
873,Wallis Sweeting,44,Seattle Sounders,Russia,30,Midfielder,10
874,Carter Dumblton,48,Chelsea,Philippines,36,Midfielder,16
875,Creigh Beams,0,Manchester United,Mexico,29,Defender,6
876,Mason Dowrey,25,Lyon,Syria,23,Forward,7
877,Koral Patrono,21,Barcelona,Canada,36,Forward,6
878,Forest Carnow,38,Leipzig,Indonesia,19,Defender,4
879,Tanya Domange,26,Bayren Leverkusen,Azerbaijan,17,Defender,37
880,Kandace Beacon,2,Tottenham,Russia,33,Defender,0
881,Gustave Birtles,28,Lyon,Indonesia,29,Midfielder,17
882,Deane McCrae,10,Borussia Dortmund,Ukraine,25,Midfielder,17
883,Gertrude O'Nions,37,Liverpool,China,21,Midfielder,2
884,Piotr Jacob,31,Barcelona,Kenya,18,Forward,20
885,Valenka Reyne,31,Bayren Leverkusen,Namibia,24,Forward,31
886,Tony Plante,41,Everton,Colombia,37,Forward,2
887,Drucy Collington,26,Arsenal,Indonesia,33,Midfielder,1
888,Padraig Cooksey,28,Real Madrid,Brazil,37,Forward,28
889,Gayelord Annon,40,Monaco,Vietnam,19,Defender,17
890,Melodie Vibert,1,Manchester United,Yemen,37,Midfielder,14
891,Leicester Lammerich,37,Manchester City,China,32,Defender,13
892,Nanine Smallthwaite,22,Chelsea,Philippines,32,Defender,18
893,Moll Gallard,41,Liverpool,Pakistan,29,Midfielder,34
894,Christiane McCathy,32,Aston Villa,Estonia,29,Midfielder,9
895,Jules Saladin,49,Leipzig,Indonesia,29,Forward,37
896,Evania Kochel,6,Manchester City,Mexico,37,Defender,49
897,Devina Cockran,14,Chelsea,Afghanistan,39,Midfielder,3
898,Niles Bellow,46,Lyon,Dominican Republic,19,Forward,5
899,Nicky Rontree,30,Everton,Vietnam,20,Midfielder,42
900,Leigh Ranson,14,Bayren Munich,Indonesia,17,Midfielder,49
901,Farrand Zieme,32,Liverpool,Namibia,38,Forward,28
902,Flor Annand,6,Lyon,China,33,Defender,11
903,Francesca Wipfler,1,Liverpool,Panama,34,Defender,27
904,Therese Luckwell,32,Arsenal,Philippines,38,Defender,46
905,Lanie Scuse,16,Newcastle,Thailand,23,Defender,41
906,Putnam Hartzog,37,Chelsea,China,26,Midfielder,20
907,Karina Chicco,47,Seattle Sounders,Indonesia,34,Forward,16
908,Minnnie Baelde,20,Lyon,China,33,Forward,31
909,Cleveland O'Fearguise,35,Manchester City,Canada,36,Midfielder,11
910,Gerardo Smithson,5,Seattle Sounders,Malaysia,27,Forward,18
911,Wit Lovitt,27,Seattle Sounders,El Salvador,23,Defender,27
912,Dinnie Van der Linde,20,Bayren Munich,Myanmar,34,Forward,35
913,Zandra Titterell,4,Lyon,Portugal,36,Midfielder,6
914,Elga Durker,0,Bayren Leverkusen,China,36,Forward,17
915,Cloris Cockshut,11,Everton,China,21,Midfielder,11
916,Ahmed Wythill,34,Arsenal,United States,24,Defender,38
917,Ruttger Ganniclifft,29,Bayren Leverkusen,United States,27,Forward,12
918,Daffi Sleigh,22,Arsenal,Argentina,29,Forward,12
919,Consalve Eneas,22,Arsenal,Indonesia,40,Defender,3
920,Tedman Tomasino,35,Everton,Bangladesh,18,Midfielder,42
921,Briggs Feaviour,30,Monaco,Russia,19,Defender,32
922,Leonard Nevins,8,Borussia Dortmund,Armenia,19,Defender,7
923,Bunny Harries,27,Real Madrid,China,26,Midfielder,1
924,Gregor Bernardin,29,Bayren Munich,Montenegro,21,Defender,29
925,Lulita Duckworth,0,Everton,China,23,Midfielder,21
926,Elinor Ewence,40,Borussia Dortmund,Indonesia,22,Defender,48
927,Maynord Barringer,35,Lyon,Cuba,19,Forward,26
928,Dawn MacElroy,0,Real Madrid,Japan,22,Forward,4
929,Baudoin Liverock,38,Tottenham,Cuba,21,Midfielder,38
930,Gilles Lefever,40,Bayren Munich,Sweden,19,Defender,15
931,Brewer Falcus,29,Tottenham,China,22,Defender,40
932,Karole Habbergham,41,PSG,Czech Republic,21,Midfielder,24
933,Lisabeth Hamprecht,20,Lyon,Netherlands,31,Forward,38
934,Rhonda Charity,18,Real Madrid,Serbia,35,Forward,39
935,Robinet Ghion,38,Leipzig,Russia,34,Defender,27
936,Clarey Pracy,39,Aston Villa,Indonesia,26,Forward,39
937,Jobey Orvis,36,Real Madrid,Germany,19,Defender,47
938,Griswold Favel,19,Bayren Leverkusen,China,39,Defender,37
939,Morgen Meekings,20,Tottenham,China,30,Defender,35
940,Rufe Trim,4,Bayren Leverkusen,Indonesia,34,Midfielder,42
941,Myer Poge,31,Borussia Dortmund,China,39,Forward,18
942,Eyde Kerne,5,Bayren Munich,Indonesia,26,Forward,42
943,Scarface Hodcroft,44,Real Madrid,China,30,Defender,13
944,Skelly Crozier,10,Barcelona,Poland,25,Defender,4
945,Cyb Kobsch,23,Bayren Leverkusen,Costa Rica,38,Defender,19
946,Mychal Scally,44,Newcastle,Cambodia,30,Forward,9
947,Millie Ubsdall,5,Manchester City,China,26,Defender,35
948,Nealson Bonfield,16,Arsenal,Philippines,23,Defender,40
949,Fayth Hardan,2,Everton,Spain,25,Midfielder,43
950,Ertha Matthesius,27,Aston Villa,Paraguay,26,Defender,50
951,Artur Beeke,11,Lyon,Indonesia,24,Midfielder,31
952,Waverly Hubbard,21,Tottenham,Poland,37,Forward,49
953,Brew Joliffe,21,Borussia Dortmund,France,37,Midfielder,34
954,Julianne Najera,40,Monaco,Sweden,37,Forward,23
955,Jourdain Blankau,29,Leipzig,China,39,Forward,46
956,Wilma O'Donoghue,33,Leipzig,Nigeria,19,Defender,41
957,Merry Mableson,19,Aston Villa,China,24,Forward,1
958,Karilynn Fendlow,9,Chelsea,Indonesia,37,Defender,0
959,Valentine Pickerell,50,Real Madrid,Ukraine,18,Defender,29
960,Angel Alejandro,37,Chelsea,Palestinian Territory,36,Forward,2
961,Germain Coverdill,49,Aston Villa,Tajikistan,33,Midfielder,16
962,Kaiser Lis,17,Leipzig,China,40,Forward,48
963,Florentia Granger,18,Lyon,Pakistan,29,Forward,41
964,Lyndsie Coldwell,17,Tottenham,Bulgaria,20,Defender,45
965,Maje Dilon,12,Liverpool,Greece,18,Midfielder,0
966,Doyle Lewer,18,Barcelona,Portugal,32,Defender,50
967,Masha Bendel,5,Bayren Leverkusen,France,39,Defender,7
968,Elly Wetherick,2,Seattle Sounders,Indonesia,40,Defender,2
969,Helsa Reimers,44,Manchester United,Ireland,20,Forward,1
970,Robinet Hartin,32,Seattle Sounders,Indonesia,35,Midfielder,38
971,Ofelia Nott,43,Liverpool,Afghanistan,39,Defender,25
972,Noel Smallacombe,13,Real Madrid,Nigeria,35,Defender,14
973,Mercie Riditch,21,Tottenham,United States,20,Midfielder,45
974,Astra Whardley,4,Seattle Sounders,Vietnam,38,Forward,37
975,Leonore Gatfield,49,Manchester City,Japan,21,Forward,11
976,Janina Ballingal,26,Newcastle,Portugal,17,Midfielder,24
977,Noni Ames,21,Seattle Sounders,Peru,27,Forward,43
978,Walther Neathway,27,Chelsea,Hungary,38,Midfielder,27
979,Kyla Clackers,49,Seattle Sounders,Argentina,22,Defender,41
980,Cinnamon O'Spellissey,39,Real Madrid,Venezuela,28,Midfielder,4
981,Zitella Rotlauf,8,Lyon,China,28,Forward,14
982,Benedick Stollsteiner,35,Arsenal,Philippines,25,Defender,29
983,Harald Wilmore,10,Real Madrid,Canada,33,Midfielder,36
984,Steffi Cavil,22,Arsenal,Philippines,28,Defender,38
985,Adriano Greschik,4,Borussia Dortmund,China,25,Forward,23
986,Eric Kingaby,41,Chelsea,Poland,32,Forward,43
987,Avram Brimley,39,Newcastle,China,18,Forward,7
988,Charmane Berthon,47,Monaco,Philippines,30,Midfielder,9
989,Derry Farnham,34,Chelsea,China,36,Defender,6
990,Worth Yurlov,3,Real Madrid,Denmark,32,Defender,0
991,Ernie Eaglestone,47,Everton,France,33,Defender,8
992,Marquita Prandini,24,Lyon,China,39,Midfielder,42
993,Lou Arnaudi,33,Monaco,Indonesia,39,Defender,26
994,Darleen Rees,29,Newcastle,Russia,36,Defender,41
995,Korella Kmietsch,17,Borussia Dortmund,China,29,Forward,48
996,Pearle Dooland,46,PSG,Indonesia,18,Midfielder,44
997,Minerva Greenman,4,Monaco,Serbia,23,Midfielder,46
998,Donny Babb,1,Leipzig,China,18,Forward,29
999,Carita Skegg,7,Liverpool,Russia,37,Forward,49
1000,Gwenny Gilks,40,Newcastle,Ethiopia,17,Midfielder,43
